City,Cuisine,count
Barcelona,[ 'Greek',2
Berlin,'Vegetarian Friendly',698
Berlin,[ 'Pub' ],15
Bratislava,'Gluten Free Options',2
Bratislava,'Turkish' ],1
Brussels,'Belgian',288
Brussels,'European' ],405
Brussels,'Eastern European',3
Budapest,[ 'Hungarian',31
Budapest,'Brew Pub',3
Budapest,[ 'Thai' ],4
Budapest,'Pakistani' ],1
Copenhagen,[ 'Delicatessen',1
Copenhagen,'Korean',3
Dublin,'Street Food',5
Edinburgh,'Venezuelan',1
Amsterdam,'Cajun & Creole',1
Amsterdam,[ 'Vietnamese' ],1
Barcelona,[ 'Argentinean',18
Barcelona,'Barbecue' ],16
Barcelona,[ 'Chinese' ],52
Berlin,'Cuban',3
Berlin,'Portuguese',7
Brussels,'Grill',22
Copenhagen,[ 'French',53
Dublin,'Nepali',7
Edinburgh,'Spanish' ],1
Edinburgh,[ 'European' ],6
Geneva,'Halal' ],14
Athens,[ 'Latin',1
Athens,[ 'Brew Pub',3
Barcelona,'Cambodian',1
Berlin,'South American',29
Berlin,'Korean' ],17
Brussels,[ 'African',9
Brussels,'Asian' ],39
Budapest,'Jamaican',1
Budapest,'Grill' ],13
Budapest,[ 'Street Food' ],3
Copenhagen,'Fusion',10
Copenhagen,'Greek',6
Copenhagen,[ 'Wine Bar',7
Copenhagen,[ 'Lebanese',5
Edinburgh,'Wine Bar' ],3
Edinburgh,[ 'Street Food',1
Hamburg,'Diner',16
Amsterdam,'Egyptian' ],2
Athens,[ 'Chinese',13
Athens,[ 'Fusion',1
Barcelona,'Healthy',124
Berlin,[ 'Swiss',6
Berlin,'Cajun & Creole' ],1
Berlin,'Australian',4
Bratislava,'Pub' ],33
Budapest,'British' ],1
Geneva,'Vegetarian Friendly',133
Hamburg,'Healthy',8
Amsterdam,'Vegetarian Friendly',675
Amsterdam,[ 'Turkish',16
Amsterdam,'Diner' ],18
Athens,'Central American',6
Berlin,'Thai',73
Brussels,[ 'International',10
Brussels,'Turkish' ],6
Dublin,[ 'Barbecue' ],2
Edinburgh,[ 'Chinese' ],20
Geneva,'Moroccan',3
Athens,'Scottish',1
Bratislava,'Grill',11
Brussels,'Central European',8
Brussels,'Barbecue',17
Brussels,[ 'Wine Bar',3
Brussels,'Greek' ],11
Brussels,[ 'Portuguese' ],1
Copenhagen,[ 'European',285
Copenhagen,[ 'Spanish' ],5
Dublin,'French' ],2
Geneva,'Central American',4
Hamburg,'Fusion',12
Barcelona,[ 'Fusion',10
Barcelona,'Seafood' ],15
Berlin,[ 'Hawaiian' ],1
Bratislava,'Japanese' ],1
Brussels,[ 'Spanish',4
Brussels,[ 'Indian' ],10
Copenhagen,'Thai',29
Copenhagen,[ 'Japanese',64
Amsterdam,[ 'International' ],38
Barcelona,[ 'African' ],2
Berlin,'Hawaiian',1
Berlin,'Russian' ],3
Bratislava,'Eastern European',51
Bratislava,[ 'Steakhouse' ],1
Copenhagen,[ 'Caucasian',1
Copenhagen,'Argentinean' ],1
Copenhagen,'Peruvian' ],1
Copenhagen,[ 'Vietnamese',2
Copenhagen,'Dutch',1
Dublin,'Fusion',19
Edinburgh,'Japanese',4
Edinburgh,'Pakistani',8
Geneva,'Sushi',31
Geneva,'Mexican',1
Hamburg,'Austrian',2
Barcelona,'Soups',41
Berlin,'Mediterranean',424
Berlin,'Cafe',124
Berlin,'Nepali',5
Berlin,'Austrian' ],1
Brussels,'Barbecue' ],6
Brussels,'Mexican',1
Brussels,'Hungarian' ],1
Dublin,'Barbecue',6
Dublin,'Wine Bar' ],7
Dublin,'Australian',1
Edinburgh,[ 'Steakhouse',22
Amsterdam,[ 'Steakhouse',75
Amsterdam,'African',5
Amsterdam,'Pakistani',6
Athens,'Sushi',19
Barcelona,'Contemporary',92
Barcelona,[ 'Steakhouse',56
Barcelona,'Cajun & Creole',1
Berlin,'Contemporary',31
Berlin,'Wine Bar' ],23
Berlin,'Nepali' ],1
Berlin,[ 'Brazilian',2
Brussels,[ 'Vegetarian Friendly',10
Budapest,'Latvian',1
Copenhagen,'Central European' ],3
Copenhagen,[ 'German' ],1
Edinburgh,[ 'Central American',1
Edinburgh,[ 'Turkish' ],2
Amsterdam,'Fast Food' ],26
Athens,[ 'Peruvian',1
Athens,[ 'Pub',1
Barcelona,[ 'Indian',53
Berlin,'Latin' ],1
Brussels,'Gastropub' ],21
Brussels,[ 'Cajun & Creole' ],1
Budapest,'Wine Bar' ],9
Budapest,'Mexican',5
Budapest,[ 'South American',1
Copenhagen,[ 'Healthy',5
Geneva,'Street Food' ],2
Amsterdam,[ 'Contemporary' ],5
Athens,'Diner',14
Barcelona,[ 'Italian',416
Berlin,'Middle Eastern' ],21
Berlin,'Swedish' ],1
Bratislava,[ 'Soups',1
Copenhagen,'Indian',6
Copenhagen,[ 'Asian' ],4
Dublin,[ 'Mexican',29
Dublin,[ 'Bar' ],1
Geneva,'Soups',6
Geneva,'International' ],6
Geneva,'Cuban',1
Geneva,[ 'Halal' ],1
Amsterdam,'Belgian',3
Amsterdam,'Italian' ],5
Bratislava,[ 'Mexican' ],5
Bratislava,'Steakhouse' ],1
Budapest,'Cafe',47
Budapest,'Japanese',10
Budapest,[ 'Turkish' ],6
Copenhagen,[ 'Danish',20
Copenhagen,'Moroccan',2
Edinburgh,'Portuguese',5
Amsterdam,[ 'European',147
Amsterdam,'Turkish' ],4
Barcelona,'Ethiopian',2
Barcelona,'Caribbean',8
Berlin,'Gastropub' ],12
Budapest,'Gluten Free Options' ],271
Copenhagen,'Norwegian',3
Dublin,'Bar' ],10
Hamburg,'South American',10
Hamburg,'Street Food',4
Athens,[ 'Middle Eastern',2
Athens,'Korean',2
Athens,[ 'American' ],6
Barcelona,'Vegetarian Friendly',1160
Barcelona,'Korean' ],7
Berlin,'Gluten Free Options' ],287
Bratislava,'Gluten Free Options' ],29
Brussels,[ 'Mediterranean',61
Brussels,'Scandinavian' ],2
Copenhagen,'European' ],113
Dublin,'Contemporary',35
Dublin,'Eastern European',4
Geneva,'Soups' ],5
Geneva,'Vietnamese' ],3
Hamburg,'Sushi',35
Amsterdam,'Middle Eastern',51
Amsterdam,'Halal',18
Amsterdam,'Argentinean' ],24
Amsterdam,'Minority Chinese',1
Amsterdam,'Central European' ],12
Amsterdam,'Brazilian',1
Barcelona,'Peruvian',13
Barcelona,'Wine Bar' ],41
Berlin,'Sushi',94
Berlin,[ 'Turkish' ],45
Berlin,[ 'Halal' ],2
Bratislava,'Thai',8
Brussels,'Moroccan',8
Brussels,[ 'Fast Food' ],7
Copenhagen,'Gastropub',6
Copenhagen,'Mediterranean' ],8
Dublin,[ 'Steakhouse',35
Dublin,'Hawaiian',1
Dublin,[ 'Fast Food' ],13
Edinburgh,[ 'French' ],1
Geneva,[ 'Street Food' ],1
Amsterdam,'Portuguese',3
Amsterdam,[ 'Mexican' ],5
Athens,[ 'Vegan Options' ],2
Barcelona,[ 'Healthy',17
Barcelona,[ 'Thai' ],2
Bratislava,'Diner',4
Bratislava,'Italian',7
Bratislava,[ 'Sushi',3
Dublin,[ 'Japanese',42
Dublin,'Croatian',1
Dublin,'Central American',5
Dublin,[ 'Fusion' ],3
Edinburgh,[ 'American' ],6
Hamburg,'Vietnamese',16
Athens,'Seafood',16
Athens,'Fusion' ],2
Athens,'Turkish',1
Bratislava,'Soups' ],4
Bratislava,'Latin' ],1
Budapest,'Bar',90
Budapest,[ 'French',21
Budapest,'Persian' ],2
Dublin,'European',490
Edinburgh,'Middle Eastern',33
Geneva,'Wine Bar',11
Geneva,[ 'Turkish' ],6
Amsterdam,[ 'New Zealand',2
Amsterdam,[ 'Soups',4
Berlin,'Healthy',44
Berlin,'Chinese',5
Berlin,[ 'Israeli' ],2
Brussels,[ 'Indian',38
Brussels,[ 'Latin',4
Brussels,[ 'German',1
Budapest,'Asian' ],19
Copenhagen,[ 'Wine Bar' ],3
Copenhagen,'French' ],6
Copenhagen,[ 'Contemporary',2
Edinburgh,'Argentinean' ],1
Edinburgh,'Taiwanese' ],1
Geneva,'Cafe' ],4
Geneva,'Kosher' ],1
Amsterdam,[ 'Pub',8
Berlin,'Lebanese' ],3
Berlin,'Irish',1
Brussels,'Diner' ],1
Budapest,[ 'Peruvian' ],1
Copenhagen,'Barbecue' ],4
Copenhagen,'Filipino',1
Dublin,'Healthy',36
Dublin,[ 'Healthy',1
Athens,'Greek',375
Athens,[ 'Grill',1
Athens,[ 'Delicatessen',1
Berlin,[ 'Grill',6
Berlin,'Ethiopian',5
Berlin,'Street Food' ],20
Bratislava,'Seafood' ],2
Brussels,'Spanish' ],10
Brussels,[ 'Peruvian',5
Brussels,[ 'Street Food',1
Brussels,'Native American',1
Copenhagen,'Venezuelan',1
Copenhagen,[ 'Mexican' ],7
Copenhagen,'Malaysian',1
Dublin,'Greek',3
Amsterdam,'Contemporary',34
Amsterdam,'Delicatessen',16
Athens,'Pizza',33
Athens,[ 'Contemporary',1
Barcelona,[ 'Chinese',87
Berlin,[ 'Fusion',3
Berlin,'Fusion' ],23
Brussels,'Lebanese',2
Copenhagen,'Halal' ],8
Dublin,'Canadian' ],1
Geneva,'International',27
Geneva,[ 'Fast Food' ],5
Hamburg,'Peruvian',2
Amsterdam,'South American',16
Athens,'Armenian',2
Athens,'Steakhouse',2
Athens,'Delicatessen' ],1
Athens,[ 'Gastropub',1
Barcelona,'Barbecue',57
Barcelona,'Mexican',10
Barcelona,'Latin' ],3
Bratislava,'Grill' ],5
Bratislava,[ 'Indian' ],1
Copenhagen,'Diner',14
Dublin,'Australian' ],3
Geneva,'Gluten Free Options' ],71
Hamburg,[ 'Lebanese',10
Hamburg,'German',49
Amsterdam,'International',217
Barcelona,'Singaporean',3
Barcelona,[ 'South American',8
Berlin,[ 'Eastern European' ],1
Brussels,'Japanese' ],1
Brussels,'Dutch',1
Budapest,'Steakhouse',8
Dublin,[ 'Pizza' ],11
Edinburgh,[ 'Mediterranean',25
Hamburg,[ 'Asian',34
Amsterdam,'New Zealand',1
Amsterdam,'Healthy' ],14
Barcelona,[ 'Middle Eastern',8
Barcelona,'Brew Pub' ],1
Bratislava,'Caribbean' ],1
Budapest,[ 'Indian' ],3
Copenhagen,[ 'Diner' ],1
Dublin,'Seafood',26
Dublin,[ 'Polish',1
Geneva,'Mediterranean',172
Geneva,[ 'Soups' ],1
Hamburg,'Vegetarian Friendly',154
Amsterdam,'Swiss',3
Amsterdam,'Vietnamese' ],4
Athens,'French',2
Athens,'French' ],4
Athens,[ 'Healthy' ],1
Athens,'German',1
Barcelona,'Eastern European' ],5
Barcelona,[ 'Barbecue' ],8
Berlin,'Vegan Options',225
Berlin,'Pizza',205
Berlin,[ 'Singaporean',1
Brussels,'Pub',47
Brussels,[ 'Turkish' ],10
Copenhagen,[ 'Pizza',10
Dublin,'Balti',10
Geneva,'Brazilian',3
Geneva,'Belgian',1
Amsterdam,[ 'Middle Eastern',13
Amsterdam,'American' ],4
Amsterdam,[ 'Japanese' ],7
Athens,'Vegetarian Friendly' ],151
Athens,'Street Food' ],11
Barcelona,[ 'Bar',337
Barcelona,'Fusion' ],61
Barcelona,'Xinjiang',1
Bratislava,'International',24
Dublin,'American' ],5
Dublin,[ 'Argentinean',1
Edinburgh,'British',503
Edinburgh,'Halal',28
Geneva,'Pizza' ],20
Barcelona,'Pakistani',12
Berlin,'Central Asian' ],2
Brussels,'Arabic',1
Brussels,'Middle Eastern' ],12
Brussels,[ 'International' ],12
Budapest,'French' ],2
Budapest,'Central Asian',1
Dublin,'Moroccan',2
Edinburgh,'Pakistani' ],3
Amsterdam,'Singaporean' ],1
Athens,[ 'German' ],2
Barcelona,[ 'Gluten Free Options' ],2
Berlin,[ 'Eastern European',5
Berlin,[ 'Georgian',2
Bratislava,'Thai' ],2
Brussels,[ 'Sushi',2
Budapest,'Nepali' ],2
Copenhagen,'Steakhouse',7
Edinburgh,[ 'Cafe',193
Geneva,'Italian',13
Geneva,[ 'Chinese',35
Geneva,[ 'Fusion',1
Amsterdam,'Southwestern',4
Barcelona,'Colombian',8
Barcelona,[ 'Brazilian' ],1
Berlin,'Caribbean',3
Budapest,'Russian' ],1
Copenhagen,[ 'Bar' ],1
Copenhagen,'Brazilian',1
Dublin,[ 'Grill' ],1
Edinburgh,[ 'Healthy',3
Edinburgh,[ 'Grill' ],1
Geneva,'Sushi' ],7
Amsterdam,[ 'Mediterranean',86
Amsterdam,[ 'Delicatessen',1
Amsterdam,[ 'Spanish' ],8
Amsterdam,'Hawaiian' ],1
Athens,'Asian',31
Athens,[ 'Bar' ],1
Athens,'Central European' ],3
Athens,[ 'Sushi' ],1
Barcelona,[ 'American',112
Barcelona,'Romanian' ],2
Barcelona,[ 'Mexican' ],29
Berlin,'Persian' ],5
Brussels,'Cafe',42
Brussels,'Halal',12
Brussels,'Delicatessen' ],3
Brussels,'Irish',1
Budapest,'Czech' ],1
Dublin,'Central European',7
Dublin,[ 'Chinese',49
Dublin,[ 'American' ],10
Amsterdam,'Greek',14
Amsterdam,'Scandinavian' ],1
Amsterdam,[ 'Barbecue' ],2
Barcelona,'French',14
Barcelona,[ 'Diner' ],5
Barcelona,[ 'Steakhouse' ],2
Berlin,[ 'Healthy',5
Brussels,'Gastropub',25
Brussels,'Halal' ],31
Budapest,[ 'Grill',5
Budapest,[ 'Pub',5
Budapest,'Egyptian',1
Copenhagen,[ 'Contemporary' ],2
Copenhagen,[ 'French' ],14
Edinburgh,'Hungarian',1
Edinburgh,[ 'Portuguese' ],2
Geneva,'Steakhouse',14
Athens,'Greek' ],237
Athens,'Bangladeshi',1
Barcelona,'Indonesian',6
Berlin,'French',24
Bratislava,'Sushi' ],4
Bratislava,'Croatian' ],1
Bratislava,'Korean',1
Brussels,'Caribbean' ],1
Budapest,'Cajun & Creole',1
Copenhagen,'Colombian',1
Copenhagen,'Ethiopian' ],1
Copenhagen,'Vietnamese' ],2
Copenhagen,'Soups' ],1
Dublin,[ 'Lebanese',8
Dublin,'Indian',5
Edinburgh,'Asian' ],27
Hamburg,'Spanish',20
Athens,'Thai',5
Barcelona,[ 'Belgian',4
Brussels,'International' ],11
Budapest,[ 'Swiss',1
Budapest,'South American' ],1
Edinburgh,'Gluten Free Options',80
Edinburgh,[ 'Indian',101
Geneva,'Halal',10
Geneva,'Portuguese' ],10
Amsterdam,'Nepali',10
Barcelona,[ 'Asian',58
Barcelona,'Pub' ],132
Barcelona,'Indian',8
Barcelona,[ 'Bar' ],15
Bratislava,'Italian' ],6
Bratislava,'Wine Bar' ],7
Bratislava,'Minority Chinese' ],1
Brussels,'Seafood',43
Brussels,'Pizza',95
Brussels,[ 'African' ],12
Dublin,[ 'African',3
Dublin,'South American' ],5
Edinburgh,[ 'American',50
Edinburgh,'Chinese',2
Hamburg,[ 'German',194
Amsterdam,'Tunisian',2
Amsterdam,'Persian' ],1
Athens,'Russian' ],1
Barcelona,[ 'European',82
Barcelona,'Argentinean' ],9
Bratislava,[ 'Contemporary' ],1
Budapest,'French',7
Budapest,'Mexican' ],2
Copenhagen,'Arabic',1
Edinburgh,[ 'Malaysian',1
Athens,[ 'Arabic',1
Athens,[ 'Arabic' ],1
Barcelona,[ 'Contemporary',5
Barcelona,'Street Food' ],14
Barcelona,'Portuguese' ],3
Barcelona,'Vietnamese' ],2
Berlin,'Mexican' ],2
Bratislava,[ 'Belgian',1
Brussels,'Vegetarian Friendly' ],385
Budapest,[ 'Soups',3
Geneva,[ 'Steakhouse',9
Geneva,[ 'Irish',1
Amsterdam,[ 'Grill' ],1
Athens,[ 'Italian',77
Copenhagen,'Swedish',3
Edinburgh,'Vegetarian Friendly' ],228
Geneva,'European' ],166
Amsterdam,'South American' ],35
Amsterdam,[ 'Street Food',1
Athens,'Vegetarian Friendly',277
Barcelona,[ 'Japanese',240
Barcelona,'Persian',2
Berlin,[ 'Barbecue' ],5
Berlin,[ 'Mexican' ],20
Budapest,[ 'European',552
Copenhagen,'Ethiopian',1
Dublin,[ 'Brew Pub',1
Dublin,[ 'Diner' ],1
Edinburgh,'Bar',53
Geneva,'Diner',2
Geneva,'Healthy' ],3
Amsterdam,'Japanese',28
Athens,'African',1
Barcelona,[ 'Australian',1
Barcelona,'Southwestern',1
Barcelona,'Egyptian' ],2
Berlin,'African',3
Bratislava,'Hungarian' ],3
Brussels,[ 'Polish',1
Copenhagen,'Delicatessen' ],4
Dublin,[ 'Spanish',1
Geneva,'Pub' ],18
Athens,'Fast Food',36
Athens,'Italian',12
Athens,'Soups' ],3
Barcelona,'Diner',7
Barcelona,'Taiwanese' ],2
Berlin,[ 'Bar',103
Berlin,[ 'Japanese',119
Bratislava,'Healthy' ],6
Bratislava,'Indian',1
Bratislava,[ 'African' ],1
Brussels,'French',79
Brussels,[ 'Greek',4
Brussels,[ 'Fusion' ],2
Budapest,[ 'Israeli',1
Copenhagen,'Healthy',20
Copenhagen,[ 'Fusion',1
Edinburgh,'Fusion',8
Amsterdam,[ 'Bar',172
Amsterdam,[ 'Diner' ],1
Barcelona,'American' ],4
Berlin,[ 'Russian',3
Berlin,'Latvian',1
Bratislava,'Wine Bar',13
Bratislava,'Slovenian' ],1
Budapest,'Scandinavian',1
Amsterdam,'Diner',12
Barcelona,'Chinese' ],3
Berlin,'Swiss',7
Bratislava,[ 'Seafood' ],6
Brussels,'Delicatessen',14
Budapest,'Diner' ],4
Dublin,[ 'Australian' ],1
Edinburgh,'Turkish',24
Geneva,'Fusion',10
Geneva,[ 'American' ],4
Amsterdam,[ 'International',58
Athens,[ 'Irish',1
Athens,'Czech' ],1
Athens,'South American' ],4
Athens,[ 'Australian' ],1
Barcelona,'Filipino',1
Berlin,'Turkish',57
Berlin,[ 'Vegetarian Friendly' ],53
Bratislava,'Cafe',11
Brussels,[ 'Vietnamese',5
Edinburgh,'Korean' ],2
Geneva,[ 'Swedish',1
Barcelona,'Hawaiian',3
Barcelona,'Polish',1
Berlin,'Indonesian',4
Berlin,[ 'American',115
Bratislava,[ 'Bar',71
Budapest,[ 'Healthy',11
Budapest,[ 'Spanish' ],2
Copenhagen,'Central American',5
Dublin,'Halal',13
Geneva,'Southwestern',1
Amsterdam,'Pakistani' ],2
Barcelona,'Steakhouse',19
Berlin,'Cajun & Creole',1
Berlin,'British' ],1
Bratislava,'Vietnamese',5
Brussels,'Native American' ],1
Copenhagen,'Pub' ],35
Copenhagen,[ 'Pizza' ],11
Dublin,'Portuguese' ],5
Amsterdam,[ 'Indian',56
Athens,[ 'Mediterranean' ],31
Berlin,'Mexican',9
Berlin,'American' ],5
Copenhagen,[ 'Steakhouse',23
Geneva,[ 'Diner',1
Geneva,[ 'Pizza',10
Amsterdam,[ 'Brazilian',6
Amsterdam,'Cuban',1
Barcelona,[ 'Austrian',2
Berlin,'American',27
Bratislava,'Healthy',9
Bratislava,'Street Food' ],6
Budapest,[ 'Asian',37
Copenhagen,'Street Food',1
Copenhagen,[ 'Latin',5
Copenhagen,'Fusion' ],6
Geneva,'Healthy',9
Amsterdam,'Caribbean',4
Athens,'Gastropub',6
Athens,'American',9
Athens,[ 'French' ],5
Athens,'Eastern European' ],2
Barcelona,[ 'Pizza' ],49
Berlin,'Pub' ],72
Berlin,'Croatian' ],10
Bratislava,'Bar',27
Brussels,'American' ],3
Budapest,[ 'Nepali',4
Edinburgh,'Swiss',1
Edinburgh,[ 'Moroccan',1
Amsterdam,'Soups',34
Amsterdam,'Street Food',17
Barcelona,[ 'Fast Food',62
Barcelona,[ 'Latin',38
Barcelona,[ 'Cuban' ],1
Berlin,'Portuguese' ],9
Bratislava,'Brew Pub',7
Bratislava,'Cuban',1
Bratislava,'Turkish',2
Copenhagen,'Seafood' ],7
Copenhagen,'Brew Pub',2
Edinburgh,'Southwestern',1
Edinburgh,[ 'Brazilian' ],1
Geneva,[ 'Sushi' ],2
Hamburg,'Steakhouse',6
Amsterdam,'Gluten Free Options' ],457
Brussels,'Tunisian' ],1
Brussels,[ 'Japanese' ],14
Copenhagen,'Mexican',6
Athens,[ 'American',31
Athens,'Armenian' ],2
Athens,'American' ],2
Barcelona,'Vietnamese',16
Barcelona,'Greek' ],8
Barcelona,'Armenian' ],2
Bratislava,[ 'Thai' ],1
Copenhagen,'Pub',34
Copenhagen,[ 'Moroccan',3
Amsterdam,'British',14
Amsterdam,'Asian' ],39
Athens,'Middle Eastern',15
Barcelona,'British' ],3
Berlin,[ 'Sushi',44
Budapest,[ 'Soups' ],4
Copenhagen,[ 'Grill',3
Hamburg,[ 'Healthy',4
Hamburg,[ 'Brew Pub' ],1
Amsterdam,'Grill' ],20
Athens,'Italian' ],2
Barcelona,'Contemporary' ],20
Barcelona,[ 'Pub' ],13
Barcelona,'Swedish',1
Barcelona,[ 'Halal' ],1
Berlin,'Vegan Options' ],399
Berlin,'Taiwanese',1
Bratislava,[ 'Indian',7
Brussels,'Cafe' ],3
Budapest,'Cafe' ],9
Budapest,'Central American' ],2
Copenhagen,'Gluten Free Options' ],171
Copenhagen,[ 'African',2
Edinburgh,'Cafe',54
Edinburgh,'Steakhouse',3
Edinburgh,'Portuguese' ],2
Geneva,[ 'Mediterranean',18
Athens,[ 'Caribbean',1
Athens,[ 'Indian' ],8
Barcelona,[ 'Peruvian',43
Barcelona,[ 'British',1
Berlin,'Bar' ],3
Berlin,'Steakhouse' ],6
Bratislava,'Delicatessen' ],1
Bratislava,[ 'Polish',1
Budapest,'Romanian' ],2
Copenhagen,'Latin' ],1
Dublin,'Soups',32
Dublin,'Mongolian',1
Edinburgh,[ 'Barbecue',3
Geneva,[ 'International' ],15
Athens,'Street Food',9
Berlin,'Salvadoran',1
Budapest,'Italian' ],9
Copenhagen,'Norwegian' ],1
Geneva,'Fusion' ],4
Amsterdam,[ 'Dutch',531
Amsterdam,'Thai',57
Athens,[ 'Turkish',5
Berlin,[ 'Vegan Options' ],5
Brussels,[ 'Delicatessen' ],3
Budapest,'Danish',1
Copenhagen,[ 'Turkish',10
Dublin,'Middle Eastern' ],2
Dublin,'Barbecue' ],2
Edinburgh,'Vegan Options' ],134
Hamburg,'European',308
Amsterdam,'Spanish',51
Barcelona,[ 'Sushi',12
Berlin,'Sri Lankan' ],2
Brussels,[ 'European',88
Dublin,'Latin',5
Dublin,[ 'European' ],15
Geneva,[ 'Vegetarian Friendly' ],7
Geneva,'Indian',1
Geneva,'Turkish',2
Geneva,'Italian' ],6
Amsterdam,[ 'Pizza',14
Athens,[ 'Healthy',4
Berlin,[ 'Street Food',3
Berlin,'French' ],6
Brussels,[ 'French' ],63
Brussels,'Portuguese' ],14
Budapest,[ 'Vietnamese' ],7
Budapest,'Afghani',1
Budapest,[ 'Fusion' ],1
Geneva,'Vegan Options' ],58
Geneva,[ 'Afghani',1
Berlin,'Chilean',2
Berlin,[ 'Seafood' ],10
Bratislava,[ 'Asian',8
Bratislava,[ 'French',5
Bratislava,[ 'American' ],1
Brussels,'Soups',38
Brussels,'Balti',1
Budapest,'Street Food' ],19
Budapest,'Thai' ],5
Budapest,[ 'Pakistani',1
Geneva,[ 'African',7
Geneva,'Turkish' ],4
Geneva,[ 'Middle Eastern' ],3
Amsterdam,[ 'Italian' ],40
Athens,[ 'Mexican',8
Athens,[ 'Greek' ],204
Barcelona,[ 'Vietnamese',1
Barcelona,'German',4
Berlin,[ 'Chinese' ],45
Berlin,[ 'Kosher' ],1
Bratislava,'Fusion',5
Budapest,'Grill',27
Edinburgh,'Pub',202
Edinburgh,'Central American',12
Amsterdam,'Central American' ],1
Amsterdam,[ 'Indian' ],12
Berlin,'Pub',99
Berlin,[ 'Chilean',2
Brussels,[ 'Thai',12
Budapest,'Wine Bar',26
Budapest,'Argentinean',2
Budapest,[ 'Diner' ],1
Edinburgh,[ 'Soups',1
Geneva,[ 'Asian',35
Amsterdam,'Gluten Free Options',40
Amsterdam,'Portuguese' ],7
Amsterdam,[ 'Indonesian',12
Amsterdam,[ 'French' ],20
Athens,[ 'Fusion' ],1
Barcelona,'Croatian',1
Barcelona,[ 'Venezuelan',2
Barcelona,'Mongolian' ],1
Berlin,'Polish',3
Berlin,[ 'Fusion' ],4
Brussels,'African',5
Copenhagen,'Barbecue',12
Geneva,[ 'Cafe' ],4
Barcelona,'Chinese',7
Barcelona,'Ecuadorean' ],2
Bratislava,[ 'Mediterranean',5
Budapest,'Israeli',17
Budapest,'Caribbean',2
Dublin,'Pakistani',12
Edinburgh,'Asian',149
Edinburgh,'Seafood' ],9
Amsterdam,'Vegetarian Friendly' ],612
Amsterdam,'Fusion',36
Amsterdam,'Ethiopian' ],3
Amsterdam,[ 'Georgian',1
Amsterdam,[ 'Hawaiian' ],1
Athens,'Brew Pub',6
Barcelona,'International',141
Berlin,[ 'French',86
Berlin,'Singaporean',3
Brussels,'Gluten Free Options',4
Brussels,'Caribbean',1
Budapest,[ 'Steakhouse' ],1
Copenhagen,'Arabic' ],4
Dublin,'Japanese',2
Edinburgh,'Korean',5
Edinburgh,'Mediterranean' ],4
Edinburgh,'German',1
Amsterdam,'Indonesian' ],32
Amsterdam,[ 'Dutch' ],2
Barcelona,[ 'African',6
Barcelona,'Bar',172
Barcelona,[ 'Cafe' ],73
Barcelona,'Peruvian' ],1
Berlin,'Seafood' ],21
Bratislava,'Pub',54
Bratislava,'International' ],12
Bratislava,'Dutch',1
Brussels,[ 'French',305
Brussels,'Steakhouse',11
Brussels,'Soups' ],23
Brussels,'Romanian',1
Copenhagen,'American',19
Dublin,'Bar',257
Geneva,[ 'Vegan Options' ],1
Amsterdam,'British' ],4
Amsterdam,[ 'Mediterranean' ],16
Amsterdam,[ 'Soups' ],1
Barcelona,'Nepali',4
Barcelona,'Pakistani' ],2
Berlin,'Scandinavian' ],2
Brussels,'Pizza' ],43
Brussels,[ 'Sushi' ],1
Budapest,[ 'Middle Eastern',9
Copenhagen,[ 'Barbecue',3
Edinburgh,'Wine Bar',18
Edinburgh,'Spanish',12
Barcelona,[ 'Latin' ],1
Berlin,[ 'Wine Bar' ],4
Brussels,'Korean',2
Budapest,'Bar' ],4
Budapest,[ 'Hungarian' ],3
Budapest,'Chinese' ],1
Copenhagen,'Healthy' ],3
Copenhagen,'Middle Eastern' ],6
Dublin,'Halal' ],14
Edinburgh,'Eastern European',11
Geneva,'Vegetarian Friendly' ],255
Geneva,'Swiss' ],5
Amsterdam,[ 'Healthy',13
Amsterdam,[ 'Steakhouse' ],4
Barcelona,'Greek',9
Barcelona,'Healthy' ],44
Berlin,'Gluten Free Options',10
Berlin,'Brew Pub',5
Bratislava,'Vegan Options' ],28
Brussels,[ 'Steakhouse' ],2
Brussels,[ 'Afghani' ],1
Dublin,'Spanish',19
Dublin,'American',11
Dublin,'Fast Food',63
Dublin,[ 'Greek',1
Edinburgh,'Scottish',368
Edinburgh,'International' ],1
Geneva,[ 'Wine Bar',6
Amsterdam,'Kosher' ],2
Amsterdam,[ 'Brew Pub',2
Amsterdam,[ 'Vegan Options' ],1
Athens,'Pakistani',3
Barcelona,'Australian',1
Berlin,'Pakistani',7
Bratislava,'Scottish',1
Brussels,'Ethiopian',2
Brussels,[ 'Contemporary' ],3
Brussels,'Central European' ],12
Brussels,'Armenian' ],1
Budapest,[ 'Italian',194
Budapest,'European' ],52
Copenhagen,'Spanish',23
Copenhagen,[ 'Cafe' ],23
Copenhagen,'Steakhouse' ],1
Copenhagen,'Russian',1
Dublin,'Vietnamese' ],3
Dublin,[ 'British' ],2
Amsterdam,[ 'American' ],6
Athens,'Gluten Free Options' ],121
Athens,[ 'Brazilian',2
Barcelona,[ 'Pizza',70
Barcelona,'Kosher' ],3
Berlin,[ 'Mexican',57
Berlin,'European' ],129
Bratislava,[ 'Pizza',13
Bratislava,[ 'Fast Food' ],3
Brussels,'Nepali',1
Brussels,[ 'Grill',5
Brussels,[ 'Eastern European',1
Brussels,[ 'Southwestern' ],1
Budapest,[ 'South American' ],1
Dublin,'Italian',19
Edinburgh,'Sushi',28
Edinburgh,'Scandinavian' ],2
Geneva,'Argentinean',2
Hamburg,'Central European',128
Hamburg,'International',46
Athens,[ 'European',19
Athens,'Cafe',57
Athens,[ 'Contemporary' ],4
Athens,'Azerbaijani' ],1
Barcelona,'South American',54
Barcelona,'Cambodian' ],1
Barcelona,'Minority Chinese',2
Berlin,'International',127
Berlin,'Persian',10
Berlin,[ 'British',1
Brussels,'Vietnamese' ],18
Copenhagen,'Italian' ],2
Copenhagen,'Hungarian' ],1
Dublin,'Grill',13
Amsterdam,'Cafe',208
Amsterdam,'Fast Food',60
Barcelona,[ 'American' ],15
Brussels,'Vegan Options' ],155
Brussels,'Fusion' ],14
Brussels,[ 'Swiss',2
Brussels,'Israeli' ],1
Brussels,[ 'Fusion',1
Geneva,'European',280
Hamburg,'Pizza',44
Amsterdam,[ 'Japanese',74
Amsterdam,[ 'Cajun & Creole',1
Athens,'Wine Bar',32
Barcelona,'Italian',38
Berlin,'Greek',27
Berlin,'Eastern European' ],3
Berlin,[ 'Healthy' ],5
Bratislava,'Arabic',2
Bratislava,'Egyptian',1
Brussels,'Belgian' ],22
Copenhagen,'Central European',5
Edinburgh,'South American' ],2
Geneva,[ 'French',220
Geneva,'Cafe',23
Hamburg,'Brew Pub',3
Amsterdam,[ 'Swiss',1
Athens,[ 'Pizza',9
Athens,[ 'Italian' ],18
Berlin,'Swiss' ],1
Budapest,'Persian',1
Dublin,[ 'Vietnamese' ],1
Edinburgh,'Vegetarian Friendly',642
Edinburgh,'Malaysian' ],1
Barcelona,'Central American',25
Berlin,'Halal',10
Berlin,'Afghani' ],1
Bratislava,'Asian',20
Brussels,'Gluten Free Options' ],119
Brussels,'Brew Pub',21
Brussels,[ 'Moroccan' ],3
Budapest,[ 'International',93
Dublin,'Tibetan',1
Edinburgh,'Scottish' ],85
Edinburgh,'Brazilian',1
Geneva,'Argentinean' ],1
Athens,[ 'Seafood' ],5
Berlin,'Halal' ],56
Berlin,'Barbecue' ],15
Berlin,[ 'Latin' ],1
Bratislava,[ 'Barbecue',3
Brussels,[ 'Mexican',8
Brussels,[ 'Delicatessen',3
Dublin,[ 'Contemporary',2
Edinburgh,'Grill' ],5
Geneva,'Eastern European',2
Geneva,'Singaporean',1
Geneva,'Malaysian',1
Athens,[ 'Bar',69
Athens,[ 'Vegetarian Friendly',1
Barcelona,'Sushi' ],55
Berlin,'European',928
Bratislava,'Gastropub' ],8
Bratislava,[ 'Chinese' ],5
Budapest,[ 'Pizza',25
Edinburgh,[ 'European',84
Edinburgh,'Mediterranean',62
Amsterdam,'Chinese',5
Amsterdam,'Greek' ],7
Barcelona,[ 'French',38
Bratislava,'Belgian',1
Copenhagen,'Native American' ],1
Dublin,'British' ],7
Dublin,[ 'Soups',1
Edinburgh,'Central European' ],2
Geneva,'Contemporary',12
Geneva,'Pub',22
Geneva,[ 'Healthy' ],3
Athens,'Spanish' ],1
Barcelona,'Spanish' ],789
Barcelona,'Vegetarian Friendly' ],771
Barcelona,'German' ],1
Berlin,'Steakhouse',21
Brussels,'Vietnamese',38
Budapest,[ 'Brew Pub',5
Budapest,'Arabic' ],1
Dublin,'Eastern European' ],1
Edinburgh,[ 'Pub' ],8
Geneva,'French' ],18
Hamburg,'Brazilian',1
Brussels,'Middle Eastern',60
Brussels,[ 'Healthy' ],4
Budapest,[ 'Mexican' ],5
Copenhagen,'Vegetarian Friendly' ],243
Dublin,'Middle Eastern',26
Amsterdam,'Brew Pub',2
Athens,[ 'Middle Eastern' ],2
Barcelona,'Gluten Free Options' ],842
Barcelona,[ 'Hawaiian',1
Bratislava,[ 'Cafe' ],9
Brussels,[ 'Wine Bar' ],5
Budapest,[ 'Fast Food' ],21
Copenhagen,'Australian',3
Copenhagen,'British',2
Dublin,'Pub' ],122
Dublin,'Contemporary' ],8
Dublin,'Italian' ],11
Edinburgh,'Nepali',7
Edinburgh,[ 'Spanish' ],1
Athens,'Central European',5
Athens,'Colombian',1
Athens,[ 'Mexican' ],5
Barcelona,'Central European' ],7
Barcelona,'Swiss' ],1
Berlin,'Brew Pub' ],3
Berlin,[ 'Thai' ],33
Berlin,[ 'Spanish',9
Bratislava,'Bar' ],2
Bratislava,'Scottish' ],1
Budapest,[ 'Barbecue' ],1
Budapest,[ 'Greek' ],5
Budapest,[ 'French' ],6
Hamburg,'Halal',4
Barcelona,'Malaysian',1
Berlin,[ 'Italian',559
Berlin,'Gastropub',13
Bratislava,[ 'Eastern European' ],4
Brussels,[ 'Pub',5
Brussels,[ 'Pizza' ],10
Budapest,[ 'Mediterranean',18
Budapest,[ 'Chinese',23
Copenhagen,'Argentinean',3
Copenhagen,'Pakistani' ],3
Dublin,[ 'Steakhouse' ],2
Dublin,'Ethiopian',1
Dublin,[ 'Spanish' ],1
Hamburg,'European' ],44
Amsterdam,[ 'Contemporary',5
Amsterdam,'Seafood',82
Barcelona,[ 'Japanese' ],53
Barcelona,[ 'French' ],12
Berlin,'Korean',27
Berlin,[ 'Cajun & Creole' ],1
Bratislava,'Cafe' ],4
Brussels,[ 'Healthy',4
Edinburgh,'Vegan Options',326
Edinburgh,'Caribbean',3
Edinburgh,[ 'Thai',2
Geneva,[ 'Mexican',7
Amsterdam,'Barbecue',64
Amsterdam,'Argentinean',36
Athens,'European' ],30
Athens,[ 'Steakhouse' ],13
Athens,[ 'Diner' ],2
Barcelona,'Soups' ],4
Berlin,[ 'Contemporary' ],11
Bratislava,'Mediterranean',21
Bratislava,[ 'Eastern European',1
Brussels,'Egyptian',1
Copenhagen,'Scandinavian',219
Copenhagen,[ 'Brazilian',1
Dublin,'Sushi' ],2
Dublin,[ 'Healthy' ],1
Edinburgh,[ 'Australian' ],1
Geneva,'Asian' ],24
Amsterdam,'European' ],284
Barcelona,[ 'Dutch',2
Berlin,'Grill' ],20
Berlin,'German' ],30
Berlin,'Cambodian' ],1
Brussels,'Latin',7
Budapest,[ 'Eastern European' ],6
Copenhagen,[ 'Greek' ],1
Edinburgh,[ 'Wine Bar',5
Edinburgh,'Tibetan',1
Geneva,'Gastropub',14
Geneva,'Ethiopian',5
Geneva,[ 'Pizza' ],8
Amsterdam,[ 'Asian',124
Athens,'Ethiopian' ],2
Barcelona,[ 'International',88
Barcelona,'Nepali' ],3
Berlin,'Greek' ],14
Bratislava,[ 'European' ],24
Budapest,'Eastern European',267
Budapest,[ 'Vegetarian Friendly',2
Copenhagen,[ 'Pub' ],9
Dublin,'Asian' ],40
Dublin,'Diner' ],8
Amsterdam,'Latin',21
Amsterdam,'Halal' ],33
Athens,[ 'Wine Bar',4
Athens,[ 'Pub' ],5
Athens,'Central American' ],2
Athens,[ 'Pizza' ],5
Barcelona,[ 'Street Food' ],4
Berlin,'Street Food',18
Berlin,'Tibetan',6
Berlin,'Arabic' ],7
Brussels,'Portuguese',9
Brussels,[ 'Vegetarian Friendly' ],19
Brussels,[ 'Irish',5
Brussels,'Thai' ],21
Budapest,'Seafood',20
Budapest,[ 'Chinese' ],11
Dublin,'International',57
Geneva,[ 'French' ],52
Barcelona,'Tibetan',2
Berlin,[ 'Argentinean',4
Budapest,'Middle Eastern' ],2
Copenhagen,'Armenian' ],1
Dublin,'Thai',56
Edinburgh,'Bangladeshi',19
Edinburgh,[ 'Caribbean',3
Geneva,[ 'Japanese',42
Geneva,[ 'Spanish' ],8
Hamburg,'Vegetarian Friendly' ],325
Amsterdam,[ 'Seafood',21
Amsterdam,[ 'Chinese',73
Athens,[ 'Japanese',17
Athens,[ 'Barbecue' ],5
Berlin,[ 'Gastropub',1
Berlin,'Vietnamese' ],55
Berlin,'Israeli' ],2
Berlin,'Swedish',1
Bratislava,'Fast Food' ],2
Copenhagen,[ 'Japanese' ],5
Geneva,'Egyptian',1
Amsterdam,[ 'German',3
Barcelona,'Cafe',113
Barcelona,[ 'Barbecue',15
Barcelona,'Gastropub' ],37
Barcelona,'Thai' ],5
Berlin,[ 'British' ],1
Bratislava,[ 'Central European' ],1
Bratislava,'British',2
Brussels,[ 'Mexican' ],4
Budapest,'Barbecue' ],1
Copenhagen,'Thai' ],11
Geneva,'Diner' ],5
Hamburg,'Argentinean',3
Amsterdam,'Barbecue' ],9
Athens,[ 'Spanish',1
Barcelona,[ 'Israeli',1
Berlin,'Turkish' ],15
Bratislava,'Vegetarian Friendly' ],49
Brussels,[ 'Brazilian',8
Brussels,'Healthy' ],19
Copenhagen,[ 'Cafe',82
Copenhagen,[ 'Turkish' ],3
Copenhagen,[ 'Grill' ],2
Dublin,[ 'Pub' ],18
Edinburgh,'African',3
Edinburgh,[ 'Spanish',3
Geneva,'Korean',6
Geneva,[ 'Chinese' ],11
Geneva,'Street Food',3
Amsterdam,[ 'Cafe' ],26
Amsterdam,[ 'Thai',1
Athens,'Gastropub' ],3
Berlin,[ 'Vietnamese',12
Berlin,[ 'Street Food' ],2
Bratislava,'Diner' ],4
Brussels,'Fast Food' ],12
Brussels,'Turkish',8
Budapest,[ 'Vietnamese',3
Copenhagen,[ 'Vegetarian Friendly' ],5
Copenhagen,'British' ],2
Amsterdam,'Scandinavian',3
Amsterdam,'Dutch' ],26
Amsterdam,[ 'Moroccan',10
Amsterdam,[ 'Chinese' ],14
Athens,'Cafe' ],7
Athens,'Thai' ],2
Bratislava,[ 'Pub',3
Bratislava,[ 'Mediterranean' ],3
Brussels,'American',12
Brussels,[ 'Pizza',10
Budapest,'Gastropub' ],7
Budapest,[ 'Russian' ],2
Copenhagen,'American' ],2
Dublin,'Korean' ],3
Edinburgh,[ 'Pub',2
Hamburg,[ 'European',60
Barcelona,'Spanish',1418
Barcelona,'Chilean' ],1
Berlin,[ 'International',44
Berlin,'New Zealand' ],1
Brussels,[ 'Bar' ],1
Budapest,'Fast Food' ],25
Edinburgh,[ 'Scottish',9
Amsterdam,'Pizza',137
Amsterdam,[ 'Caribbean' ],2
Athens,'Halal',2
Athens,'Mexican',2
Berlin,'German',116
Berlin,[ 'Thai',10
Berlin,[ 'Filipino',3
Berlin,[ 'Asian' ],25
Copenhagen,[ 'Sushi' ],5
Copenhagen,[ 'Vegan Options' ],2
Dublin,[ 'Vegetarian Friendly',3
Geneva,[ 'Middle Eastern',4
Hamburg,'Contemporary',8
Amsterdam,[ 'Southwestern',1
Amsterdam,'Mediterranean' ],33
Athens,[ 'German',2
Berlin,'Barbecue',58
Berlin,'Soups' ],20
Brussels,[ 'Seafood' ],8
Brussels,[ 'Asian' ],15
Budapest,[ 'Vegetarian Friendly' ],10
Budapest,[ 'International' ],12
Copenhagen,'Chinese' ],1
Dublin,'Wine Bar',27
Dublin,'Czech',1
Edinburgh,'French',3
Edinburgh,[ 'Diner',1
Amsterdam,'Norwegian',1
Barcelona,'Taiwanese',2
Berlin,[ 'Lebanese',44
Bratislava,'Delicatessen',3
Brussels,[ 'Diner',2
Budapest,'Central European',474
Budapest,'Cuban' ],1
Copenhagen,'Sushi',41
Dublin,'Gluten Free Options',87
Dublin,'Brazilian',3
Geneva,'Taiwanese' ],1
Hamburg,'Latin',10
Barcelona,'Irish' ],1
Berlin,'Croatian',8
Brussels,'Healthy',27
Budapest,'Contemporary',21
Budapest,[ 'Wine Bar',7
Copenhagen,[ 'European' ],17
Dublin,'British',42
Dublin,[ 'Moroccan',1
Edinburgh,'International',30
Edinburgh,'Healthy',27
Edinburgh,'Halal' ],33
Geneva,'Vegan Options',47
Geneva,'Spanish',17
Geneva,'South American',9
Amsterdam,'Colombian',2
Athens,[ 'African',2
Athens,'Sushi' ],3
Barcelona,[ 'Hawaiian' ],2
Berlin,[ 'American' ],21
Berlin,'Hungarian' ],4
Brussels,[ 'Lebanese',43
Dublin,[ 'Middle Eastern' ],1
Edinburgh,'Gastropub',25
Hamburg,'Fast Food',22
Athens,'Turkish' ],2
Barcelona,'Vegan Options',584
Barcelona,[ 'Spanish' ],542
Berlin,'Native American' ],1
Berlin,'Tibetan' ],1
Budapest,[ 'Pub' ],18
Budapest,[ 'Healthy' ],8
Edinburgh,'Contemporary' ],7
Amsterdam,'International' ],32
Amsterdam,[ 'Delicatessen' ],8
Athens,[ 'Greek',87
Athens,'Argentinean',1
Berlin,[ 'Grill' ],4
Berlin,'Chinese' ],1
Brussels,'Ethiopian' ],1
Budapest,'American',29
Budapest,'Delicatessen',12
Budapest,'Kosher' ],3
Budapest,[ 'Thai',2
Dublin,'Cafe',101
Dublin,'Delicatessen' ],5
Dublin,[ 'International' ],2
Dublin,[ 'Japanese' ],1
Edinburgh,[ 'Asian',42
Geneva,'Asian',63
Geneva,[ 'American',21
Amsterdam,'Mediterranean',202
Amsterdam,'Italian',31
Athens,[ 'Fast Food',35
Athens,'Venezuelan',1
Barcelona,'Grill' ],23
Barcelona,[ 'Middle Eastern' ],2
Berlin,[ 'Greek',4
Brussels,'Central American',2
Brussels,'Wine Bar' ],19
Brussels,'Taiwanese',2
Brussels,'Indonesian',1
Budapest,[ 'Greek',1
Budapest,[ 'Central European',16
Edinburgh,'Diner' ],2
Edinburgh,'Cafe' ],5
Edinburgh,'American' ],2
Geneva,'Delicatessen' ],1
Hamburg,[ 'International',14
Amsterdam,'Persian',5
Berlin,[ 'Cafe',114
Berlin,[ 'Arabic' ],3
Bratislava,'Czech' ],7
Bratislava,'Vietnamese' ],3
Bratislava,[ 'Vietnamese' ],3
Brussels,[ 'Vietnamese' ],14
Brussels,'Latin' ],1
Budapest,[ 'Peruvian',1
Budapest,[ 'Fusion',1
Copenhagen,'German',1
Dublin,'Street Food' ],4
Edinburgh,'Delicatessen',12
Edinburgh,[ 'Delicatessen',1
Geneva,'Mediterranean' ],45
Amsterdam,[ 'Italian',288
Barcelona,'Japanese',36
Barcelona,[ 'Soups',3
Berlin,'Central European' ],98
Berlin,'Singaporean' ],3
Bratislava,[ 'European',101
Bratislava,'Fusion' ],2
Brussels,'Japanese',13
Dublin,'Egyptian',1
Dublin,'Healthy' ],11
Edinburgh,'Italian' ],5
Amsterdam,[ 'Asian' ],7
Athens,'Grill' ],15
Barcelona,'Delicatessen' ],28
Berlin,'Central American' ],6
Berlin,'Australian' ],2
Berlin,[ 'Australian',1
Brussels,'Vegan Options',77
Brussels,[ 'Steakhouse',16
Budapest,[ 'Eastern European',16
Dublin,'Asian',101
Edinburgh,'Indian',9
Geneva,'American',8
Amsterdam,'Eastern European',2
Athens,'Peruvian',1
Athens,[ 'Chinese' ],8
Barcelona,'Street Food',36
Berlin,[ 'Pizza',17
Berlin,[ 'Sri Lankan',2
Brussels,[ 'Japanese',57
Budapest,[ 'Street Food',6
Budapest,[ 'Turkish',2
Dublin,[ 'Eastern European',1
Edinburgh,[ 'Wine Bar' ],1
Amsterdam,[ 'Pub' ],6
Amsterdam,'Peruvian',1
Barcelona,[ 'Central American',3
Berlin,'Georgian',1
Bratislava,[ 'Wine Bar' ],4
Budapest,'Israeli' ],3
Dublin,'Vegetarian Friendly' ],204
Edinburgh,[ 'Chinese',59
Geneva,'Irish',1
Geneva,'Albanian' ],1
Amsterdam,[ 'Bar' ],5
Amsterdam,[ 'Turkish' ],19
Amsterdam,[ 'Korean',1
Athens,[ 'Cafe',68
Barcelona,'European' ],189
Brussels,'Moroccan' ],1
Budapest,[ 'Fast Food',65
Budapest,'Pub' ],54
Budapest,[ 'Seafood' ],3
Copenhagen,'Danish' ],201
Copenhagen,[ 'Barbecue' ],2
Copenhagen,'Street Food' ],4
Dublin,[ 'Cafe',94
Dublin,'Malaysian' ],2
Edinburgh,'Greek',7
Edinburgh,[ 'Gastropub',2
Edinburgh,[ 'Italian' ],9
Edinburgh,[ 'International' ],1
Geneva,[ 'Soups',3
Geneva,[ 'Thai',3
Amsterdam,'Jamaican' ],2
Amsterdam,[ 'Russian' ],1
Athens,'Contemporary',15
Athens,'Soups',5
Athens,'Fusion',3
Barcelona,'Asian' ],74
Barcelona,'Jamaican',1
Barcelona,[ 'Asian' ],11
Berlin,'Jamaican',3
Berlin,'Arabic',9
Berlin,[ 'Sushi' ],22
Bratislava,'Gastropub',2
Bratislava,'Pizza',25
Bratislava,'Latin',1
Dublin,[ 'Barbecue',3
Dublin,'Brew Pub',5
Dublin,[ 'Nepali',2
Dublin,'Russian' ],1
Dublin,[ 'Sushi',2
Edinburgh,[ 'Latin',1
Geneva,[ 'Sushi',4
Hamburg,'Bar',49
Amsterdam,[ 'Barbecue',9
Amsterdam,'Swedish',2
Amsterdam,[ 'Moroccan' ],1
Athens,'Contemporary' ],3
Barcelona,'Central Asian',2
Barcelona,[ 'Thai',5
Barcelona,'Malaysian' ],1
Bratislava,'Soups',15
Bratislava,'Romanian' ],1
Budapest,'Moroccan',1
Dublin,'Korean',6
Geneva,'Central European' ],4
Amsterdam,[ 'New Zealand' ],1
Athens,[ 'Barbecue',3
Barcelona,'Mediterranean',985
Barcelona,'Venezuelan' ],2
Berlin,[ 'Chinese',68
Berlin,'Brazilian',3
Berlin,[ 'Seafood',32
Berlin,[ 'Fast Food' ],20
Dublin,'Indonesian',1
Dublin,[ 'Irish' ],31
Geneva,'Latin',9
Amsterdam,[ 'Vegetarian Friendly',7
Athens,'Delicatessen',9
Barcelona,'Diner' ],23
Berlin,'Kosher',3
Budapest,'Halal',5
Budapest,'Brazilian',1
Budapest,[ 'Wine Bar' ],2
Edinburgh,[ 'Mexican' ],2
Amsterdam,'Thai' ],3
Athens,[ 'French',9
Athens,[ 'European' ],10
Berlin,'Indian',7
Berlin,[ 'Pizza' ],56
Brussels,'Street Food' ],9
Brussels,'Romanian' ],1
Dublin,[ 'International',9
Geneva,'Portuguese',9
Amsterdam,[ 'Indonesian' ],1
Amsterdam,'Egyptian',2
Athens,[ 'Steakhouse',30
Athens,[ 'Fast Food' ],1
Barcelona,[ 'Filipino',5
Barcelona,[ 'Wine Bar' ],11
Berlin,[ 'Latin',13
Berlin,[ 'Caribbean' ],1
Berlin,[ 'Irish' ],1
Bratislava,'Fast Food',12
Brussels,[ 'Pub' ],9
Dublin,'Vegan Options' ],126
Edinburgh,'British' ],45
Edinburgh,[ 'German',1
Geneva,'Colombian',1
Geneva,[ 'Japanese' ],3
Amsterdam,'Taiwanese',1
Athens,'Pizza' ],5
Berlin,'Seafood',60
Berlin,'Kosher' ],6
Berlin,[ 'Belgian',1
Berlin,'South American' ],25
Brussels,'Korean' ],3
Budapest,[ 'African',1
Copenhagen,'Vegan Options',98
Dublin,[ 'Delicatessen' ],2
Edinburgh,[ 'Bar',254
Edinburgh,'Diner',11
Barcelona,[ 'European' ],28
Barcelona,[ 'South American' ],1
Berlin,'Mongolian' ],2
Brussels,'Indian',4
Copenhagen,[ 'German',1
Geneva,'Grill',7
Geneva,'Persian',3
Hamburg,[ 'Japanese',36
Athens,'Romanian' ],1
Barcelona,'Yunnan',2
Berlin,'Fast Food',88
Berlin,'Spanish',64
Berlin,'Argentinean' ],5
Berlin,'Ukrainian' ],1
Bratislava,'Sushi',13
Bratislava,[ 'Wine Bar',1
Brussels,'Greek',32
Budapest,'Vegan Options',164
Budapest,'Eastern European' ],32
Budapest,[ 'Russian',4
Copenhagen,'Contemporary' ],6
Dublin,'Grill' ],2
Dublin,'Diner',4
Edinburgh,[ 'Turkish',1
Hamburg,[ 'Steakhouse',24
Hamburg,'Gastropub',4
Amsterdam,'Steakhouse' ],5
Barcelona,'European',1389
Barcelona,'Argentinean',78
Barcelona,'Central European',6
Berlin,'Moroccan',5
Berlin,'Taiwanese' ],2
Bratislava,[ 'Contemporary',1
Brussels,[ 'Seafood',18
Budapest,'Lebanese' ],1
Edinburgh,'Malaysian',1
Edinburgh,[ 'Austrian',1
Edinburgh,'German' ],1
Geneva,[ 'Indian',23
Geneva,[ 'Mediterranean' ],6
Amsterdam,'Hawaiian',2
Athens,'Gluten Free Options',4
Bratislava,'Japanese',4
Budapest,'European',570
Copenhagen,'Bar' ],6
Copenhagen,'Eastern European',3
Dublin,'Ecuadorean' ],1
Geneva,'Brew Pub',5
Amsterdam,'French',55
Amsterdam,'Asian',182
Amsterdam,'Tibetan',5
Amsterdam,'Israeli' ],1
Berlin,[ 'Turkish',26
Berlin,[ 'Middle Eastern',18
Berlin,[ 'Delicatessen',2
Berlin,'Armenian',1
Bratislava,'Central European' ],73
Budapest,'Hungarian',449
Budapest,[ 'Bar',142
Copenhagen,[ 'Chinese' ],7
Copenhagen,[ 'Delicatessen' ],3
Edinburgh,[ 'Italian',117
Edinburgh,'Argentinean',3
Amsterdam,'Indonesian',29
Barcelona,'Portuguese',4
Barcelona,[ 'Chilean',4
Berlin,'Asian',222
Berlin,'Diner' ],23
Bratislava,[ 'American',16
Bratislava,[ 'Austrian',1
Brussels,[ 'Korean',1
Brussels,[ 'Contemporary',1
Copenhagen,'Gluten Free Options',14
Copenhagen,'Azerbaijani' ],1
Dublin,'International' ],11
Dublin,[ 'Middle Eastern',3
Edinburgh,'Pizza' ],15
Geneva,[ 'Vegetarian Friendly',2
Hamburg,[ 'Indian',24
Athens,'Pub' ],46
Athens,'Seafood' ],5
Barcelona,'British',7
Barcelona,'Arabic',3
Berlin,'Cambodian',2
Bratislava,'Slovenian',4
Bratislava,[ 'Soups' ],3
Brussels,[ 'Barbecue',4
Budapest,[ 'German' ],2
Copenhagen,[ 'American',74
Copenhagen,'Italian',5
Copenhagen,[ 'New Zealand' ],1
Edinburgh,[ 'Pizza',23
Edinburgh,'Swedish',2
Hamburg,'Cafe',21
Amsterdam,'Jamaican',2
Athens,[ 'Wine Bar' ],5
Barcelona,'Middle Eastern',58
Barcelona,'South American' ],111
Berlin,[ 'Indian' ],67
Berlin,[ 'Cafe' ],54
Bratislava,[ 'Japanese',16
Brussels,'British' ],7
Copenhagen,[ 'Scandinavian',33
Edinburgh,'Grill',16
Edinburgh,'Thai' ],7
Geneva,[ 'Italian',168
Amsterdam,[ 'Cafe',76
Amsterdam,[ 'Irish',6
Barcelona,[ 'Cafe',174
Berlin,[ 'Taiwanese' ],1
Brussels,[ 'Gastropub',2
Brussels,'Chinese',7
Budapest,[ 'Grill' ],4
Dublin,'Pizza' ],11
Dublin,'South American',2
Barcelona,[ 'Eastern European',1
Barcelona,[ 'Argentinean' ],1
Berlin,[ 'Barbecue',11
Berlin,'Latin',26
Berlin,[ 'Wine Bar',4
Berlin,'Scandinavian',2
Berlin,[ 'Persian',2
Bratislava,'Indonesian' ],2
Brussels,'Argentinean',7
Budapest,'Barbecue',18
Edinburgh,[ 'Indian' ],9
Geneva,'Croatian',1
Athens,[ 'International',16
Barcelona,[ 'Polish',1
Barcelona,[ 'International' ],25
Barcelona,'Albanian' ],1
Barcelona,[ 'Peruvian' ],1
Berlin,'Central European',341
Berlin,[ 'Spanish' ],18
Berlin,'Pakistani' ],3
Bratislava,[ 'International',16
Bratislava,'Asian' ],5
Bratislava,'Mexican',1
Brussels,'Pub' ],76
Brussels,[ 'American',44
Brussels,'Bar' ],8
Brussels,[ 'Hawaiian' ],1
Budapest,[ 'Pizza' ],10
Amsterdam,'Moroccan' ],2
Amsterdam,'Pizza' ],25
Athens,'Middle Eastern' ],6
Barcelona,[ 'Turkish',7
Barcelona,'Scandinavian',1
Barcelona,'Cuban',3
Barcelona,'Romanian',1
Berlin,'Spanish' ],21
Brussels,'European',540
Brussels,'Steakhouse' ],2
Budapest,[ 'Gastropub',1
Budapest,[ 'German',2
Copenhagen,'Mediterranean',52
Dublin,'Irish',121
Dublin,[ 'Seafood',10
Dublin,[ 'Turkish' ],2
Edinburgh,[ 'British',86
Edinburgh,'Mexican',2
Athens,'Diner' ],12
Athens,'Latin' ],1
Athens,'Moroccan',1
Athens,'British' ],1
Barcelona,'Delicatessen',50
Barcelona,[ 'Vegetarian Friendly' ],25
Barcelona,'Pizza' ],54
Berlin,'Vegetarian Friendly' ],959
Bratislava,[ 'Mexican',3
Bratislava,[ 'Greek' ],2
Brussels,'Mediterranean',223
Budapest,[ 'Steakhouse',11
Budapest,[ 'Bar' ],4
Dublin,[ 'Thai',4
Dublin,'Afghani' ],2
Edinburgh,'Singaporean',1
Geneva,'Fast Food',14
Geneva,'Barbecue' ],4
Amsterdam,'Wine Bar',12
Amsterdam,'Fusion' ],10
Barcelona,'Middle Eastern' ],12
Barcelona,[ 'Delicatessen' ],7
Brussels,'Spanish',19
Brussels,[ 'Greek' ],17
Budapest,'Gastropub',15
Budapest,'Fusion' ],7
Copenhagen,[ 'British',1
Copenhagen,'Israeli' ],2
Dublin,'Arabic',1
Edinburgh,'Nepali' ],1
Amsterdam,[ 'Sushi',6
Athens,[ 'Vegetarian Friendly' ],1
Barcelona,'International' ],9
Brussels,[ 'Mediterranean' ],10
Budapest,'Norwegian',1
Dublin,'Seafood' ],8
Dublin,'Argentinean' ],1
Edinburgh,[ 'Portuguese',3
Geneva,[ 'Barbecue',2
Amsterdam,[ 'African',18
Amsterdam,'Gastropub' ],7
Athens,'Vegan Options' ],174
Athens,[ 'Seafood',48
Barcelona,'Belgian',4
Barcelona,[ 'Delicatessen',6
Berlin,'Indonesian' ],2
Bratislava,'Pizza' ],8
Brussels,[ 'Asian',92
Budapest,[ 'Mexican',26
Dublin,'Malaysian',2
Edinburgh,[ 'Mexican',21
Edinburgh,[ 'Seafood' ],2
Amsterdam,'Turkish',29
Athens,'Mediterranean' ],55
Barcelona,'Korean',13
Berlin,[ 'Irish',7
Berlin,'British',3
Brussels,'Vegetarian Friendly',258
Brussels,'Tibetan' ],2
Budapest,'Scottish' ],2
Copenhagen,[ 'Fast Food',33
Copenhagen,'Asian' ],43
Copenhagen,[ 'Belgian',1
Dublin,[ 'Indian' ],12
Hamburg,[ 'Seafood',43
Amsterdam,[ 'Thai' ],7
Barcelona,'Colombian' ],11
Barcelona,[ 'Turkish' ],10
Barcelona,'Uzbek' ],1
Berlin,[ 'Mediterranean',136
Berlin,[ 'African',13
Berlin,'Egyptian',4
Berlin,'Mongolian',1
Brussels,'Sushi',31
Budapest,'Greek',14
Budapest,'Thai',36
Budapest,'Soups' ],9
Copenhagen,[ 'Asian',65
Copenhagen,'Jamaican',1
Dublin,[ 'Cajun & Creole',1
Dublin,[ 'Wine Bar' ],2
Amsterdam,[ 'Singaporean',1
Amsterdam,[ 'Seafood' ],11
Amsterdam,[ 'Greek' ],3
Barcelona,[ 'Caribbean',17
Berlin,[ 'German' ],167
Berlin,[ 'Brew Pub',2
Bratislava,[ 'Thai',1
Budapest,'Fusion',24
Budapest,'Middle Eastern',31
Dublin,'Irish' ],23
Geneva,'Gluten Free Options',5
Geneva,[ 'Thai' ],13
Hamburg,[ 'American',48
Athens,'Bar' ],3
Copenhagen,'Lebanese',6
Copenhagen,[ 'Chinese',37
Dublin,[ 'Pub',10
Dublin,'Spanish' ],1
Dublin,[ 'Grill',2
Edinburgh,'Soups',50
Hamburg,'Steakhouse' ],6
Amsterdam,[ 'Diner',2
Amsterdam,'Malaysian',2
Amsterdam,[ 'Swedish',1
Athens,'European',133
Athens,'Eastern European',4
Berlin,[ 'Asian',227
Berlin,[ 'Fast Food',70
Berlin,'Grill',51
Bratislava,'Vegetarian Friendly',52
Budapest,'Latin',6
Budapest,[ 'Japanese',33
Copenhagen,'Wine Bar',15
Dublin,[ 'Asian',70
Barcelona,[ 'Sushi' ],16
Berlin,[ 'Pub',6
Berlin,[ 'African' ],4
Brussels,'Pakistani',8
Brussels,'Croatian',2
Budapest,'Cuban',2
Budapest,'British',7
Copenhagen,'Danish',243
Copenhagen,'Indian' ],1
Copenhagen,[ 'Indian' ],7
Dublin,[ 'Contemporary' ],4
Dublin,'Central European' ],1
Geneva,'Tunisian' ],1
Geneva,[ 'Korean',1
Amsterdam,'Balti',5
Barcelona,'Asian',223
Berlin,'Israeli',18
Bratislava,'European',130
Brussels,'Diner',9
Brussels,'Bangladeshi',2
Budapest,'Arabic',2
Budapest,[ 'American' ],16
Budapest,'Austrian' ],1
Copenhagen,'Delicatessen',6
Dublin,[ 'Thai' ],2
Geneva,[ 'Steakhouse' ],2
Geneva,[ 'Peruvian',8
Amsterdam,[ 'Spanish',4
Barcelona,[ 'Fusion' ],3
Bratislava,'Central European',92
Brussels,'Central American' ],2
Budapest,'Central European' ],53
Copenhagen,'Seafood',17
Dublin,'Cafe' ],12
Edinburgh,'Jamaican',2
Edinburgh,[ 'Japanese',30
Geneva,'French',54
Geneva,'Vietnamese',4
Amsterdam,'Contemporary' ],8
Athens,'Lebanese',2
Athens,[ 'Diner',3
Barcelona,[ 'Grill' ],1
Berlin,'Norwegian',1
Berlin,[ 'Ukrainian' ],1
Budapest,'German',3
Budapest,'Greek' ],3
Budapest,[ 'Diner',2
Copenhagen,'Chinese',2
Copenhagen,'Croatian' ],2
Copenhagen,[ 'Brew Pub',3
Dublin,'Gastropub',38
Dublin,'Sushi',39
Dublin,'Vietnamese',6
Geneva,'American' ],1
Hamburg,'Central European' ],37
Amsterdam,'Pub' ],104
Amsterdam,'Healthy',50
Amsterdam,'Wine Bar' ],6
Amsterdam,[ 'Vegetarian Friendly' ],13
Amsterdam,'Kosher',1
Athens,'Vietnamese',1
Barcelona,[ 'Colombian',1
Berlin,[ 'Indian',77
Berlin,[ 'Korean' ],1
Berlin,'Italian' ],8
Bratislava,'Steakhouse',1
Bratislava,'Austrian',1
Brussels,[ 'Middle Eastern' ],2
Budapest,'Ethiopian' ],1
Copenhagen,'Vegan Options' ],87
Copenhagen,'Nepali',3
Copenhagen,'Vietnamese',17
Dublin,'Gluten Free Options' ],458
Dublin,'Mexican',5
Edinburgh,[ 'Asian' ],1
Geneva,'Seafood' ],6
Geneva,[ 'Contemporary' ],3
Amsterdam,[ 'South American',3
Amsterdam,'Moroccan',10
Amsterdam,'Irish',1
Berlin,'Fusion',41
Bratislava,'Contemporary',4
Brussels,[ 'Brew Pub',13
Budapest,[ 'Caribbean',2
Copenhagen,'Halal',8
Dublin,[ 'European',53
Edinburgh,'Brew Pub',4
Edinburgh,[ 'Vegetarian Friendly',3
Geneva,'Middle Eastern',26
Geneva,'Seafood',10
Geneva,'Steakhouse' ],5
Geneva,[ 'Contemporary',2
Geneva,'Contemporary' ],4
Geneva,'Bar' ],1
Amsterdam,[ 'Belgian',10
Amsterdam,'Austrian',1
Athens,'British',5
Barcelona,'Pub',122
Berlin,'Fast Food' ],31
Berlin,'Asian' ],40
Bratislava,'Middle Eastern' ],1
Budapest,'Turkish',22
Copenhagen,'Fast Food',42
Copenhagen,[ 'Seafood' ],2
Dublin,'Lebanese',5
Edinburgh,[ 'Seafood',21
Hamburg,'Fast Food' ],15
Amsterdam,[ 'Peruvian',3
Amsterdam,[ 'Middle Eastern' ],4
Athens,[ 'Russian' ],1
Athens,[ 'Japanese' ],3
Barcelona,'Vegan Options' ],421
Barcelona,'Cafe' ],15
Berlin,'Lebanese',3
Berlin,[ 'Mediterranean' ],23
Bratislava,'Mediterranean' ],6
Bratislava,'Israeli',1
Brussels,'Cuban',1
Budapest,[ 'Japanese' ],2
Copenhagen,[ 'American' ],7
Dublin,'French',7
Dublin,[ 'British',3
Edinburgh,'Vietnamese',4
Geneva,'Lebanese' ],1
Amsterdam,'Romanian',1
Athens,[ 'Mediterranean',383
Berlin,'Sushi' ],18
Berlin,'Contemporary' ],9
Berlin,'Japanese' ],5
Bratislava,'Eastern European' ],17
Copenhagen,'Pizza',60
Edinburgh,[ 'British' ],20
Geneva,[ 'Pakistani',1
Amsterdam,'Vegan Options',268
Berlin,[ 'Dutch',1
Brussels,'French' ],36
Brussels,[ 'Turkish',4
Budapest,'Healthy' ],5
Budapest,'Mediterranean' ],5
Copenhagen,'Greek' ],1
Copenhagen,[ 'Thai' ],23
Dublin,[ 'French',28
Dublin,'Afghani',2
Amsterdam,'Delicatessen' ],12
Athens,[ 'Indian',20
Athens,'Healthy' ],2
Berlin,[ 'Soups',4
Berlin,[ 'Lebanese' ],1
Budapest,'Vietnamese' ],2
Dublin,'Steakhouse',5
Dublin,[ 'Sushi' ],1
Athens,'Chinese',2
Barcelona,[ 'Hungarian',1
Berlin,'Central American',21
Berlin,[ 'International' ],72
Berlin,'Ethiopian' ],1
Berlin,[ 'Japanese' ],16
Bratislava,[ 'Latin',1
Budapest,'American' ],6
Budapest,[ 'British',1
Edinburgh,'Latin',4
Edinburgh,'Street Food',11
Geneva,[ 'Brazilian',3
Geneva,'Russian',1
Hamburg,'Pub',29
Amsterdam,'Danish' ],1
Athens,'Arabic',3
Barcelona,'Wine Bar',49
Barcelona,[ 'Gastropub',8
Berlin,[ 'German',492
Copenhagen,'Pakistani',8
Copenhagen,'Diner' ],9
Dublin,'Chinese',2
Geneva,'Central American' ],3
Hamburg,'Seafood',65
Amsterdam,'Central European',38
Amsterdam,'Australian',4
Barcelona,'Hungarian',1
Barcelona,'Brew Pub',13
Barcelona,[ 'Italian' ],98
Barcelona,[ 'Healthy' ],15
Dublin,[ 'Mediterranean',21
Dublin,'Fusion' ],9
Edinburgh,[ 'International',8
Geneva,'Bar',29
Geneva,'South American' ],8
Athens,[ 'International' ],8
Barcelona,'Halal',21
Bratislava,'Spanish',3
Brussels,'Pakistani' ],7
Copenhagen,'Wine Bar' ],16
Dublin,'Southwestern',1
Edinburgh,'Middle Eastern' ],3
Geneva,'Lebanese',3
Athens,'Latin',7
Barcelona,[ 'Pub',11
Barcelona,'Minority Chinese' ],2
Berlin,[ 'Vegetarian Friendly',13
Berlin,[ 'Polish',6
Brussels,'Asian',92
Brussels,[ 'Fast Food',41
Budapest,'South American',6
Budapest,'Lebanese',3
Copenhagen,'European',304
Dublin,'Singaporean',1
Edinburgh,'Gluten Free Options' ],528
Edinburgh,'Pub' ],49
Geneva,'British',3
Geneva,[ 'European' ],21
Geneva,[ 'Italian' ],33
Amsterdam,[ 'Australian',1
Athens,'International' ],7
Athens,[ 'Grill' ],5
Barcelona,'Fast Food' ],33
Barcelona,'Mediterranean' ],215
Barcelona,[ 'Vegetarian Friendly',13
Berlin,'Vietnamese',132
Berlin,[ 'Central European',5
Berlin,[ 'Soups' ],3
Bratislava,[ 'Central European',9
Brussels,'Thai',56
Brussels,[ 'Middle Eastern',7
Edinburgh,[ 'Irish',1
Hamburg,[ 'French',23
Amsterdam,[ 'French',124
Athens,'Vietnamese' ],1
Athens,[ 'Cafe' ],14
Barcelona,[ 'Mexican',84
Barcelona,'Steakhouse' ],7
Berlin,'Eastern European',18
Brussels,'Indonesian' ],1
Copenhagen,'Japanese' ],10
Geneva,[ 'Barbecue' ],1
Barcelona,[ 'Grill',1
Barcelona,'Turkish' ],5
Bratislava,[ 'Italian',47
Bratislava,'French',3
Bratislava,'Street Food',4
Budapest,'Vegan Options' ],134
Copenhagen,'Bar',44
Dublin,'Delicatessen',12
Dublin,'Pakistani' ],1
Edinburgh,[ 'African',3
Hamburg,'Gluten Free Options' ],70
Amsterdam,'Swiss' ],2
Barcelona,'Lebanese',7
Barcelona,[ 'Russian',4
Berlin,[ 'Italian' ],206
Budapest,'Vegetarian Friendly' ],314
Copenhagen,[ 'International',14
Copenhagen,[ 'Mediterranean',17
Copenhagen,'Pizza' ],22
Copenhagen,[ 'Italian' ],35
Dublin,'Fast Food' ],30
Edinburgh,'Turkish' ],6
Edinburgh,[ 'Soups' ],1
Amsterdam,'Steakhouse',28
Amsterdam,'Middle Eastern' ],10
Amsterdam,'French' ],5
Amsterdam,[ 'African' ],1
Barcelona,'Sushi',142
Barcelona,[ 'Pakistani',1
Berlin,[ 'South American',1
Bratislava,'Portuguese' ],1
Brussels,'British',5
Budapest,'Diner',7
Budapest,'Sushi',33
Budapest,'Chinese',5
Copenhagen,'Grill' ],9
Dublin,[ 'Bar',86
Edinburgh,'European' ],12
Geneva,[ 'Fast Food',12
Hamburg,'Asian',51
Amsterdam,'Vegan Options' ],255
Amsterdam,'Brazilian' ],2
Amsterdam,'Minority Chinese' ],1
Athens,'Grill',20
Barcelona,'African',2
Berlin,[ 'European',163
Berlin,'Malaysian' ],1
Budapest,'German' ],1
Dublin,'Pub',181
Dublin,[ 'Delicatessen',2
Dublin,[ 'Chinese' ],28
Edinburgh,[ 'Vegetarian Friendly' ],4
Edinburgh,[ 'Pizza' ],10
Berlin,'Bar',149
Berlin,[ 'Steakhouse' ],14
Berlin,[ 'Middle Eastern' ],18
Brussels,'Brew Pub' ],5
Brussels,[ 'European' ],20
Copenhagen,[ 'Sushi',12
Copenhagen,'Scandinavian' ],25
Copenhagen,[ 'Fast Food' ],8
Copenhagen,[ 'Healthy' ],2
Dublin,'Vegetarian Friendly',497
Edinburgh,[ 'Ukrainian',1
Geneva,'Delicatessen',6
Amsterdam,'Cafe' ],7
Barcelona,'Lebanese' ],1
Bratislava,[ 'Cafe',24
Copenhagen,[ 'Steakhouse' ],3
Dublin,[ 'Fast Food',30
Geneva,[ 'Mexican' ],3
Amsterdam,'Japanese' ],4
Amsterdam,'Ecuadorean' ],1
Athens,'Bangladeshi' ],2
Barcelona,[ 'Mediterranean' ],283
Barcelona,'Mexican' ],1
Berlin,'Japanese',21
Bratislava,'Czech',23
Bratislava,'Middle Eastern',3
Budapest,'Pizza',113
Budapest,[ 'Sushi',10
Budapest,[ 'Moroccan',2
Copenhagen,'South American' ],2
Dublin,[ 'Wine Bar',2
Dublin,'Mediterranean' ],1
Edinburgh,'Delicatessen' ],4
Geneva,[ 'European',53
Geneva,'Ethiopian' ],2
Amsterdam,[ 'Lebanese',13
Barcelona,'Venezuelan',23
Barcelona,'Gastropub',26
Barcelona,[ 'German',14
Barcelona,'Russian' ],1
Berlin,[ 'Australian' ],1
Brussels,[ 'Bar',39
Brussels,[ 'Soups',3
Copenhagen,'Cajun & Creole',2
Dublin,[ 'Indian',56
Dublin,'Turkish',5
Edinburgh,'Italian',17
Geneva,'Persian' ],2
Athens,'Bar',44
Barcelona,'Fusion',150
Barcelona,'Latin',90
Barcelona,'Eastern European',6
Brussels,[ 'Thai' ],13
Budapest,'International',182
Budapest,'Kosher',6
Budapest,'Pizza' ],10
Budapest,'Czech',3
Copenhagen,'Soups',5
Edinburgh,'Soups' ],12
Geneva,'Middle Eastern' ],1
Hamburg,'Soups' ],10
Amsterdam,'Korean' ],5
Athens,'Hawaiian',1
Barcelona,[ 'Irish',8
Bratislava,[ 'Japanese' ],2
Brussels,'Italian',16
Budapest,'Healthy',41
Budapest,'International' ],25
Budapest,'Mongolian' ],1
Copenhagen,'Sushi' ],19
Dublin,'Hungarian' ],1
Edinburgh,'Central European',1
Edinburgh,[ 'Belgian',1
Hamburg,'Grill',20
Hamburg,[ 'Italian',167
Amsterdam,'Arabic' ],4
Barcelona,'American',45
Barcelona,[ 'Diner',5
Barcelona,'Irish',2
Berlin,[ 'Steakhouse',51
Berlin,'Mediterranean' ],105
Berlin,'Peruvian',4
Brussels,'Bar',142
Brussels,[ 'Barbecue' ],1
Budapest,[ 'Italian' ],32
Copenhagen,'Brew Pub' ],2
Dublin,'Scandinavian' ],1
Geneva,'Wine Bar' ],13
Amsterdam,'Spanish' ],18
Amsterdam,'Sushi' ],17
Athens,'Barbecue',37
Athens,'Japanese',5
Athens,'Halal' ],4
Copenhagen,'International' ],14
Copenhagen,[ 'Caribbean',1
Dublin,[ 'Irish',439
Dublin,'Chinese' ],5
Edinburgh,'South American',5
Edinburgh,[ 'Mediterranean' ],1
Hamburg,'Mediterranean',145
Amsterdam,[ 'Mexican',30
Athens,[ 'Sushi',3
Athens,'Arabic' ],3
Barcelona,[ 'Mediterranean',1470
Barcelona,'Israeli',6
Brussels,[ 'Belgian',340
Brussels,'Fast Food',42
Budapest,[ 'European' ],14
Copenhagen,'French',15
Copenhagen,[ 'Pub',5
Edinburgh,[ 'Nepali',1
Amsterdam,'Mexican',4
Amsterdam,[ 'Caribbean',8
Amsterdam,[ 'Ethiopian',1
Barcelona,'Indian' ],1
Berlin,[ 'European' ],33
Berlin,'Egyptian' ],3
Brussels,'Italian' ],5
Dublin,'Pizza',95
Edinburgh,[ 'Grill',6
Geneva,'Barbecue',10
Amsterdam,'Korean',4
Amsterdam,[ 'Grill',9
Amsterdam,'Soups' ],5
Berlin,[ 'Diner',6
Berlin,'Pizza' ],64
Budapest,'Fast Food',56
Budapest,'Nepali',4
Budapest,'Sushi' ],3
Dublin,[ 'Italian' ],13
Geneva,[ 'International',8
Geneva,[ 'Cafe',13
Amsterdam,'Grill',55
Amsterdam,'Arabic',5
Amsterdam,[ 'Latin',6
Athens,'Czech',2
Athens,'Egyptian',1
Barcelona,'Fast Food',141
Barcelona,[ 'Swiss',2
Berlin,[ 'Contemporary',6
Bratislava,[ 'Fast Food',11
Brussels,'Persian',4
Brussels,[ 'Cafe' ],9
Brussels,'Russian',1
Copenhagen,'Fast Food' ],26
Copenhagen,'Gastropub' ],2
Dublin,[ 'Gastropub',3
Dublin,[ 'Italian',132
Geneva,'Spanish' ],10
Amsterdam,'Bar',312
Amsterdam,[ 'Sushi' ],2
Bratislava,[ 'Healthy',4
Bratislava,'Argentinean',1
Brussels,'Mediterranean' ],89
Budapest,'Austrian',2
Budapest,[ 'Austrian',2
Copenhagen,'Cafe',69
Copenhagen,[ 'Spanish',5
Edinburgh,[ 'French',35
Edinburgh,'Fast Food' ],29
Edinburgh,'Bangladeshi' ],2
Geneva,[ 'Gastropub',1
Hamburg,'Wine Bar',13
Athens,'Healthy',18
Barcelona,'Grill',29
Barcelona,[ 'Wine Bar',8
Barcelona,'Central American' ],7
Brussels,'Persian' ],2
Edinburgh,[ 'Bangladeshi',3
Geneva,[ 'Asian' ],13
Amsterdam,[ 'Greek',4
Berlin,'Austrian',37
Berlin,[ 'Greek' ],53
Berlin,'Colombian' ],1
Bratislava,[ 'Vegetarian Friendly' ],1
Bratislava,[ 'Street Food' ],2
Budapest,[ 'Gluten Free Options' ],1
Budapest,'Irish',2
Copenhagen,'Asian',73
Copenhagen,[ 'Vegetarian Friendly',4
Copenhagen,[ 'Mediterranean' ],2
Dublin,'Persian',1
Dublin,[ 'Brazilian',2
Geneva,'Venezuelan',2
Athens,'Spanish',9
Athens,'Barbecue' ],6
Barcelona,[ 'Moroccan',11
Barcelona,'Turkish',13
Barcelona,'Arabic' ],2
Berlin,[ 'Vietnamese' ],61
Bratislava,'Vegan Options',17
Brussels,[ 'British',1
Budapest,'Vegetarian Friendly',379
Budapest,'Russian',3
Budapest,[ 'Spanish',5
Dublin,'Vegan Options',210
Edinburgh,'Pizza',87
Edinburgh,[ 'Lebanese',6
Barcelona,'Italian' ],22
Barcelona,'Chilean',3
Berlin,'Sri Lankan',1
Berlin,'Guatemalan',2
Berlin,[ 'Delicatessen' ],6
Bratislava,[ 'Steakhouse',8
Bratislava,'European' ],32
Bratislava,'Greek',2
Bratislava,[ 'Pub' ],26
Bratislava,[ 'German' ],1
Brussels,'Tibetan',1
Brussels,'Cambodian' ],2
Budapest,[ 'Seafood',13
Budapest,'Delicatessen' ],2
Budapest,[ 'Delicatessen' ],1
Budapest,'Native American',1
Copenhagen,[ 'Gastropub',1
Copenhagen,[ 'Middle Eastern',2
Copenhagen,'Turkish' ],3
Edinburgh,'Eastern European' ],4
Edinburgh,'Street Food' ],1
Geneva,[ 'Lebanese',26
Athens,[ 'Lebanese',4
Athens,[ 'Argentinean',1
Barcelona,'Moroccan',7
Barcelona,[ 'Gastropub' ],1
Berlin,'Soups',40
Berlin,[ 'Austrian',17
Berlin,[ 'Caribbean',6
Berlin,'Thai' ],22
Bratislava,'Russian',1
Budapest,'Pub',109
Budapest,[ 'Gastropub' ],3
Copenhagen,'Middle Eastern',27
Copenhagen,[ 'Mexican',12
Copenhagen,'Mongolian' ],1
Edinburgh,'Scandinavian',2
Geneva,[ 'Pub',3
Geneva,[ 'Wine Bar' ],3
Hamburg,'Arabic',2
Amsterdam,'Street Food' ],5
Athens,'International',27
Barcelona,[ 'Vegan Options' ],1
Berlin,[ 'French' ],20
Brussels,'Sushi' ],10
Copenhagen,'Spanish' ],7
Edinburgh,'Gastropub' ],5
Edinburgh,[ 'Cafe' ],36
Geneva,[ 'Latin',5
Hamburg,'French',5
Amsterdam,'Central American',8
Athens,'Wine Bar' ],21
Barcelona,'Japanese' ],9
Brussels,'Chilean',1
Brussels,[ 'Filipino',1
Budapest,'Indian',2
Copenhagen,'Latin',12
Edinburgh,'Moroccan',1
Amsterdam,[ 'American',108
Barcelona,'Caribbean' ],1
Bratislava,'French' ],2
Brussels,[ 'Chinese',45
Budapest,'Korean' ],4
Edinburgh,[ 'Scottish' ],2
Edinburgh,'Balti' ],1
Geneva,[ 'Swiss',57
Geneva,'Thai' ],10
Amsterdam,[ 'Healthy' ],4
Barcelona,'Gluten Free Options',57
Brussels,[ 'Chinese' ],31
Brussels,'Seafood' ],6
Brussels,[ 'Caribbean' ],1
Budapest,'Georgian',1
Budapest,[ 'Latin',1
Budapest,[ 'Cafe' ],22
Copenhagen,[ 'Danish' ],7
Dublin,[ 'French' ],7
Edinburgh,[ 'Contemporary',2
Geneva,'Grill' ],3
Amsterdam,'Ethiopian',10
Athens,'Asian' ],12
Berlin,'Wine Bar',37
Brussels,'Street Food',9
Budapest,[ 'Mediterranean' ],4
Copenhagen,[ 'Seafood',20
Copenhagen,'Israeli',1
Copenhagen,'Hawaiian' ],2
Edinburgh,'American',15
Amsterdam,'Indian',2
Amsterdam,'Vietnamese',19
Amsterdam,[ 'Wine Bar' ],2
Athens,'Vegan Options',112
Barcelona,'Pizza',211
Berlin,'Delicatessen',33
Berlin,'Healthy' ],13
Copenhagen,'Vegetarian Friendly',228
Copenhagen,'Japanese',11
Copenhagen,[ 'Vietnamese' ],4
Edinburgh,'Balti',33
Geneva,'Peruvian',2
Geneva,[ 'Bar',27
Athens,'Mediterranean',230
Barcelona,[ 'Seafood',211
Barcelona,[ 'Contemporary' ],7
Berlin,'Caucasian' ],1
Berlin,[ 'Russian' ],4
Bratislava,'South American' ],1
Brussels,'Contemporary' ],4
Budapest,'Asian',78
Edinburgh,'Chinese' ],2
Amsterdam,[ 'Tibetan',1
Amsterdam,[ 'European' ],23
Barcelona,[ 'Brew Pub',29
Barcelona,'Scottish' ],1
Bratislava,[ 'Chinese',6
Budapest,'Central American',7
Budapest,[ 'Irish',2
Budapest,'Bangladeshi',1
Copenhagen,'Tibetan',1
Dublin,'Mediterranean',65
Edinburgh,'European',209
Geneva,'Scandinavian',2
Athens,[ 'Eastern European' ],1
Barcelona,'Halal' ],36
Berlin,'African' ],1
Budapest,'Mediterranean',102
Budapest,'Vietnamese',17
Dublin,'Soups' ],7
Hamburg,'Middle Eastern',27
Hamburg,'Barbecue',25
Barcelona,[ 'Brazilian',11
Berlin,'Diner',26
Bratislava,'Barbecue',11
Budapest,[ 'Belgian',4
Budapest,'Colombian' ],1
Copenhagen,[ 'Bar',67
Dublin,[ 'Cafe' ],38
Geneva,'Pizza',68
Geneva,'Thai',19
Amsterdam,'Seafood' ],11
Amsterdam,[ 'Fast Food' ],11
Barcelona,[ 'Spanish',213
Barcelona,[ 'Greek' ],2
Barcelona,[ 'Soups' ],1
Berlin,'Middle Eastern',117
Bratislava,'American',6
Bratislava,'American' ],3
Brussels,'Chinese' ],5
Budapest,[ 'Lebanese',4
Copenhagen,'International',31
Copenhagen,[ 'Peruvian',1
Edinburgh,'Seafood',11
Edinburgh,'Fast Food',67
Edinburgh,'Contemporary',21
Edinburgh,'Indian' ],2
Geneva,[ 'Healthy',1
Hamburg,'Vegan Options' ],87
Amsterdam,[ 'Wine Bar',1
Athens,'Pub',33
Barcelona,'Thai',30
Barcelona,[ 'Indian' ],9
Berlin,'Russian',10
Bratislava,[ 'Healthy' ],4
Brussels,'Grill' ],26
Brussels,'Wine Bar',17
Brussels,[ 'Cajun & Creole',1
Budapest,'Street Food',31
Budapest,'Korean',2
Budapest,'Halal' ],6
Geneva,'Fast Food' ],6
Amsterdam,'Dutch',246
Athens,'Fast Food' ],11
Berlin,'International' ],35
Berlin,'Armenian' ],3
Bratislava,[ 'Brew Pub',3
Bratislava,[ 'Seafood',2
Brussels,[ 'Italian' ],99
Budapest,'Italian',23
Budapest,'Spanish' ],4
Copenhagen,'South American',6
Copenhagen,'Korean' ],5
Copenhagen,'Malaysian' ],1
Dublin,'European' ],93
Geneva,'Swiss',77
Amsterdam,'German',5
Athens,'Kosher',1
Barcelona,[ 'Fast Food' ],45
Berlin,'Argentinean',19
Brussels,[ 'Italian',328
Dublin,'Thai' ],22
Amsterdam,'European',964
Amsterdam,'Lebanese',3
Amsterdam,[ 'Fusion' ],4
Amsterdam,'Central Asian',1
Athens,[ 'Swiss',1
Bratislava,[ 'Pizza' ],18
Brussels,[ 'Cafe',22
Budapest,[ 'Indian',25
Budapest,'Gluten Free Options',14
Copenhagen,'Contemporary',24
Copenhagen,'Belgian',1
Dublin,[ 'Pizza',27
Dublin,'Swedish',1
Edinburgh,[ 'Polish',2
Geneva,[ 'Brew Pub',1
Hamburg,'Vegan Options',40
Amsterdam,'Sushi',61
Barcelona,[ 'Lebanese',39
Barcelona,'Bar' ],13
Barcelona,[ 'Korean' ],1
Barcelona,[ 'German' ],4
Berlin,[ 'Bar' ],9
Berlin,[ 'Diner' ],7
Brussels,'South American',6
Brussels,[ 'Gastropub' ],1
Budapest,'Spanish',14
Budapest,'Mongolian',1
Copenhagen,[ 'Indian',29
Copenhagen,[ 'Irish',5
Copenhagen,'Taiwanese' ],2
Dublin,'Gastropub' ],18
Dublin,[ 'Mexican' ],6
Edinburgh,[ 'Fast Food',55
Edinburgh,'African' ],1
Geneva,[ 'Swiss' ],1
Amsterdam,'Pub',174
Athens,'Caribbean',1
Athens,'Steakhouse' ],1
Berlin,'Italian',30
Brussels,'Cuban' ],1
Budapest,'Croatian' ],1
Budapest,'Portuguese',1
Budapest,[ 'Asian' ],4
Copenhagen,[ 'Thai',2
Edinburgh,'Thai',27
Edinburgh,'Barbecue',8
Edinburgh,'Bar' ],2
Edinburgh,[ 'Diner' ],1
Edinburgh,[ 'Delicatessen' ],1
Geneva,[ 'Moroccan',7
Geneva,'Pakistani',1
Amsterdam,'Israeli',6
Amsterdam,'Bar' ],8
Amsterdam,'Afghani',3
Amsterdam,[ 'Argentinean',8
Amsterdam,[ 'Pizza' ],6
Berlin,'Southwestern',2
Berlin,[ 'Moroccan',4
Bratislava,'Spanish' ],1
Bratislava,'Armenian' ],1
Brussels,[ 'Belgian' ],5
Brussels,'International',41
Brussels,'Tunisian',3
Brussels,[ 'Spanish' ],12
Copenhagen,'Turkish',9
Edinburgh,'Sushi' ],2
Geneva,[ 'Seafood',4
Geneva,'Greek',1
Amsterdam,[ 'Fast Food',20
Barcelona,'Russian',2
Berlin,[ 'Peruvian',8
Bratislava,[ 'Italian' ],17
Brussels,[ 'American' ],9
Brussels,[ 'Grill' ],1
Budapest,[ 'American',87
Budapest,'Hungarian' ],465
Copenhagen,'Persian',1
Dublin,'Israeli',1
Dublin,'Albanian' ],1
Edinburgh,'Lebanese',1
Edinburgh,[ 'Fast Food' ],25
Geneva,[ 'Seafood' ],4
Berlin,'Cafe' ],17
Bratislava,[ 'French' ],2
Brussels,'Fusion',27
Budapest,'Soups',51
Copenhagen,'Grill',13
Copenhagen,'Indonesian',2
Edinburgh,'Persian',2
Geneva,'Bangladeshi',1
Geneva,[ 'African' ],4
Amsterdam,'Gastropub',13
Barcelona,'Seafood',38
Barcelona,[ 'Seafood' ],17
Bratislava,'British' ],1
Bratislava,[ 'International' ],6
Brussels,[ 'Moroccan',31
Budapest,[ 'Cafe',77
Copenhagen,[ 'Italian',165
Dublin,[ 'American',59
Geneva,'Gastropub' ],14
Amsterdam,'American',24
Amsterdam,[ 'Halal' ],1
Athens,[ 'Asian',6
Barcelona,'Brazilian',11
Barcelona,'Cuban' ],7
Barcelona,'Central Asian' ],3
Barcelona,[ 'Georgian',1
Berlin,'Ukrainian',2
Berlin,'Delicatessen' ],11
Berlin,[ 'Korean',1
Bratislava,'Seafood',8
Brussels,'Contemporary',19
Brussels,'South American' ],12
Budapest,[ 'Barbecue',8
Budapest,[ 'Contemporary' ],1
Copenhagen,'Cafe' ],13
Copenhagen,[ 'International' ],8
Dublin,[ 'Seafood' ],3
Dublin,[ 'Street Food',1
Dublin,[ 'Asian' ],8
Geneva,'Central European',10
Hamburg,'Japanese',13
Helsinki,'Belgian' ],1
Krakow,'Halal' ],3
Krakow,[ 'Italian' ],18
Lisbon,[ 'African' ],8
Hamburg,[ 'Spanish' ],14
Helsinki,'Central European' ],2
Krakow,'Asian' ],5
Ljubljana,'Vegan Options' ],27
Ljubljana,'Turkish' ],1
Hamburg,[ 'Cafe' ],29
Lisbon,'Chinese',2
Lisbon,'Vietnamese',5
Lisbon,'African',8
Helsinki,'Seafood' ],2
Helsinki,'Kosher' ],1
Krakow,'Healthy',22
Krakow,'Fusion',18
Krakow,[ 'International',9
Lisbon,'Romanian' ],2
Hamburg,'Fusion' ],3
Helsinki,'Barbecue' ],5
Helsinki,[ 'Latin',1
Lisbon,[ 'Swiss',1
Lisbon,[ 'Chinese',32
London,[ 'Turkish',3
Hamburg,[ 'Delicatessen',3
Hamburg,[ 'Asian' ],16
Hamburg,'Venezuelan',1
Helsinki,[ 'Korean',1
Helsinki,'Australian' ],3
Ljubljana,'Diner',1
Ljubljana,'South American',1
Ljubljana,'Delicatessen',1
London,[ 'Diner',2
London,'Barbecue' ],1
London,'Polynesian',1
Krakow,'Italian',19
Krakow,[ 'Turkish' ],1
Lisbon,'Vegan Options' ],183
London,'Southwestern',9
Lisbon,'Malaysian',2
Lisbon,[ 'Persian',1
London,[ 'Chinese',54
Hamburg,'Southwestern',1
Krakow,'Vegan Options',87
Ljubljana,'Middle Eastern',3
London,'Peruvian',6
Hamburg,'Vietnamese' ],11
Helsinki,'Cafe',15
London,'Ecuadorean',1
Krakow,'American',20
Krakow,[ 'Pub',4
Ljubljana,'Pub',20
Ljubljana,'Native American',1
Hamburg,'Danish',1
Hamburg,'Greek' ],6
Helsinki,'Pub',32
Helsinki,[ 'Japanese',48
Helsinki,'Barbecue',8
Helsinki,'Diner' ],3
Ljubljana,'Fast Food',13
Ljubljana,'Barbecue' ],2
Ljubljana,'Thai',7
Ljubljana,'Pub' ],8
Hamburg,'Diner' ],18
Hamburg,'Chilean',1
Helsinki,[ 'Turkish',4
Krakow,[ 'Soups',2
Krakow,'South American',2
Lisbon,[ 'Irish',1
Lisbon,[ 'Halal' ],1
London,'Bar',90
Hamburg,[ 'Thai' ],12
Helsinki,'Central American',2
Lisbon,[ 'Italian' ],25
Lisbon,'Tunisian',1
Lisbon,'Central Asian' ],1
London,'Indian',10
London,[ 'Steakhouse',88
London,[ 'Barbecue',14
Hamburg,'International' ],25
Hamburg,'Italian',7
Hamburg,'Minority Chinese' ],1
Helsinki,'Pizza' ],10
Helsinki,'Scandinavian' ],63
Helsinki,[ 'Street Food' ],1
Krakow,[ 'Middle Eastern',1
Lisbon,[ 'Nepali',2
Hamburg,[ 'Barbecue',3
Hamburg,[ 'Persian',1
Helsinki,'Korean',3
Helsinki,'Wine Bar' ],4
Lisbon,'Caribbean',2
London,'Taiwanese',3
London,'Colombian',1
Hamburg,[ 'Bar' ],3
Helsinki,'Fusion',12
Helsinki,'Australian',1
Helsinki,'Chinese',1
Krakow,'Sushi',21
Lisbon,[ 'Indian',78
Helsinki,[ 'Mexican',16
Lisbon,[ 'Contemporary',11
London,'Mediterranean',291
London,'Portuguese',10
Hamburg,[ 'Sushi',19
Krakow,[ 'Japanese',28
Lisbon,[ 'German',4
Lisbon,[ 'Pakistani' ],1
Ljubljana,'Sushi',6
London,[ 'Asian',85
London,[ 'Malaysian',3
London,'Australian',2
Krakow,[ 'European',57
Krakow,'Vegan Options' ],73
Ljubljana,[ 'Slovenian',6
Ljubljana,'Asian' ],6
London,[ 'American',130
London,'Argentinean',26
Hamburg,'Halal' ],11
Hamburg,'Turkish',8
Hamburg,'Sushi' ],9
Helsinki,'Ethiopian',2
Krakow,'Pizza' ],21
Lisbon,[ 'Barbecue',15
Lisbon,[ 'Seafood' ],9
Krakow,'Cafe' ],5
Krakow,[ 'Cafe' ],17
Lisbon,'Central American' ],1
London,'Israeli',9
Hamburg,'Asian' ],18
Helsinki,'Gastropub' ],1
Lisbon,'Vegan Options',153
Lisbon,'Filipino',1
Helsinki,[ 'Mediterranean',20
Krakow,'Seafood' ],3
London,[ 'Contemporary',2
Hamburg,[ 'Seafood' ],13
Hamburg,'Street Food' ],3
Helsinki,[ 'Contemporary',2
Krakow,'Israeli',9
Lisbon,'Central Asian',1
Lisbon,'Cafe' ],4
London,'Ethiopian',7
Ljubljana,[ 'Cafe',12
London,'French',11
London,'Cajun & Creole',1
Hamburg,[ 'Pizza',10
Hamburg,'Indonesian',2
Helsinki,'South American',5
Krakow,[ 'Diner',2
Krakow,[ 'Chinese',10
Krakow,'Thai' ],4
Krakow,'Turkish' ],2
Lisbon,'British',3
Ljubljana,'Eastern European' ],7
Ljubljana,[ 'Fast Food' ],9
Hamburg,[ 'Contemporary' ],5
Hamburg,[ 'Sushi' ],15
Helsinki,[ 'Vietnamese' ],5
Krakow,[ 'Seafood',3
Lisbon,'Mediterranean',376
Ljubljana,[ 'Vegetarian Friendly' ],1
London,'Fast Food',72
Hamburg,'Delicatessen' ],6
Krakow,'Bar' ],4
Krakow,'French' ],3
Lisbon,[ 'International',41
Lisbon,'Albanian' ],1
Lisbon,'Polish',1
Helsinki,[ 'Pizza',30
Krakow,'Japanese',2
Krakow,'Cuban',1
Krakow,[ 'Japanese' ],2
Lisbon,[ 'Fast Food' ],11
London,[ 'Grill',6
London,'Pakistani',2
Hamburg,'Barbecue' ],4
Helsinki,[ 'French',13
Helsinki,'South American' ],2
Hamburg,'Spanish' ],10
Lisbon,'Soups',32
London,'British',742
London,'Austrian',4
Hamburg,[ 'Barbecue' ],1
Hamburg,'Russian' ],1
Krakow,'Fast Food' ],12
Krakow,'Wine Bar' ],5
London,[ 'Taiwanese',1
Hamburg,[ 'Vegetarian Friendly' ],30
Helsinki,[ 'Steakhouse',8
Krakow,'Brew Pub' ],3
London,'Japanese',10
Hamburg,[ 'Chinese' ],28
Hamburg,[ 'Russian' ],1
Krakow,'German',1
Lisbon,'Brazilian',22
Lisbon,'Soups' ],39
Lisbon,[ 'French' ],3
Ljubljana,[ 'Delicatessen' ],1
London,[ 'Pizza',16
London,'Danish',1
Lisbon,'Thai' ],1
London,'Greek',35
London,'Kosher',2
Hamburg,[ 'Afghani',2
Helsinki,[ 'Brew Pub',3
Lisbon,[ 'Bar' ],3
Lisbon,'Brew Pub' ],1
Ljubljana,'Central American',1
London,'British' ],35
Hamburg,[ 'Steakhouse' ],19
Lisbon,[ 'Healthy' ],8
Helsinki,'Thai',15
Helsinki,[ 'Spanish' ],3
Krakow,[ 'Wine Bar',1
Lisbon,[ 'Brazilian',33
Lisbon,'Pakistani' ],1
Ljubljana,'Eastern European',24
Ljubljana,[ 'Chinese',11
London,'Soups' ],1
London,'Hungarian',1
Helsinki,'Wine Bar',5
Helsinki,'Healthy' ],3
Krakow,[ 'Polish' ],5
Ljubljana,'Pizza',33
Ljubljana,[ 'Italian' ],6
Hamburg,[ 'Brazilian' ],1
Helsinki,'Greek',5
Helsinki,'Southwestern' ],1
Krakow,[ 'French',13
Krakow,'Gluten Free Options',8
Lisbon,'Wine Bar',54
Lisbon,[ 'Asian',27
Lisbon,[ 'Eastern European',1
Ljubljana,'British',1
London,[ 'Australian',4
London,'Portuguese' ],2
Hamburg,[ 'Wine Bar',2
Helsinki,[ 'Moroccan',2
Helsinki,'Contemporary' ],2
Ljubljana,[ 'International' ],2
London,'Latin',26
Hamburg,'Argentinean' ],2
Hamburg,[ 'Vietnamese' ],8
Krakow,[ 'Contemporary',2
Krakow,'Street Food',3
Krakow,'Thai',7
Lisbon,'Portuguese',683
Hamburg,[ 'French' ],9
Hamburg,'Nepali',1
Ljubljana,[ 'Mexican' ],1
London,'Vegetarian Friendly' ],317
London,'Chinese',3
Ljubljana,[ 'Japanese',6
London,'Street Food' ],1
Krakow,'Spanish',4
London,'Lebanese',4
London,[ 'Austrian',2
Hamburg,[ 'Delicatessen' ],2
Helsinki,'Latin',9
Krakow,[ 'Pub' ],11
London,[ 'International' ],1
London,'Contemporary' ],2
Hamburg,'Chinese',5
Krakow,'Vietnamese' ],5
Krakow,[ 'Thai',1
Krakow,[ 'Turkish',1
Lisbon,'Cafe',36
Lisbon,[ 'Asian' ],1
Ljubljana,'Argentinean',1
London,'Gastropub' ],7
Hamburg,[ 'Pub' ],9
Helsinki,'Japanese',5
Helsinki,[ 'Spanish',1
Krakow,[ 'Pizza',7
Lisbon,'Russian',2
London,'European',682
London,'South American',34
Helsinki,'Fusion' ],8
Krakow,'Eastern European',135
Lisbon,'European' ],160
Ljubljana,'Italian',3
Ljubljana,'Korean' ],1
London,[ 'Dutch',1
Helsinki,[ 'Vegetarian Friendly' ],5
Helsinki,[ 'German',2
Krakow,'Korean' ],3
Lisbon,'Japanese' ],7
Krakow,'Georgian',2
Krakow,'Spanish' ],1
Hamburg,[ 'Swiss',1
Hamburg,[ 'Greek',2
Ljubljana,'Persian',1
Ljubljana,[ 'Eastern European',2
London,[ 'Bar',291
London,[ 'Irish',6
Hamburg,[ 'Mediterranean' ],12
Hamburg,[ 'Fusion' ],3
Krakow,'Gastropub',4
Lisbon,'Ukrainian',1
Hamburg,[ 'Central European',2
Helsinki,'Central American' ],1
London,'Caribbean',1
Krakow,'Diner',6
Lisbon,[ 'Chinese' ],15
Ljubljana,'Spanish',3
London,'Pub',217
London,'Healthy',47
London,'Eastern European',10
Hamburg,[ 'Vietnamese',5
Helsinki,'Persian',1
London,'Swedish',3
Hamburg,'Mongolian',2
Helsinki,'Soups' ],1
Krakow,'Seafood',14
Krakow,'Grill' ],4
Krakow,'Polish' ],6
Ljubljana,'Bar' ],3
Helsinki,'American',5
Helsinki,'Brazilian',1
Krakow,'Polynesian' ],2
Lisbon,[ 'Portuguese',124
Lisbon,[ 'Mexican' ],1
London,[ 'Thai',6
London,'Welsh',2
Hamburg,[ 'Chinese',29
Helsinki,[ 'African',3
Lisbon,'Persian',1
London,[ 'American' ],2
Hamburg,'Kosher',1
Hamburg,'Portuguese',19
Hamburg,[ 'European' ],18
Krakow,'Middle Eastern' ],1
Lisbon,'French' ],1
Lisbon,[ 'Street Food' ],2
Lisbon,'German',1
London,'Nepali',10
Lisbon,'International',59
Ljubljana,'Steakhouse',1
Ljubljana,'Greek',1
Hamburg,[ 'Middle Eastern' ],3
Hamburg,'Scandinavian' ],1
Krakow,[ 'Israeli',2
Lisbon,[ 'Japanese' ],17
London,'Vegan Options',1014
Hamburg,'Brew Pub' ],1
Ljubljana,'Nepali',1
London,[ 'Seafood',59
Hamburg,'Pizza' ],18
Helsinki,'Pizza',41
Helsinki,[ 'International',8
Helsinki,'Indian' ],1
Lisbon,'Grill',33
Lisbon,[ 'Venezuelan',1
Ljubljana,'Croatian' ],2
London,[ 'Sushi',4
London,'Central Asian',1
Helsinki,[ 'Asian',50
Lisbon,[ 'Barbecue' ],1
Ljubljana,'Bar',15
Ljubljana,[ 'Vegan Options' ],2
Hamburg,'Central American',7
Helsinki,[ 'European',149
Helsinki,[ 'American',23
Helsinki,[ 'Pub' ],15
Helsinki,'Malaysian',2
Krakow,'French',6
Krakow,[ 'Belgian',3
Lisbon,'Sushi' ],20
Hamburg,'American' ],5
Krakow,[ 'Central European',1
Lisbon,[ 'Middle Eastern',1
Ljubljana,'Halal',2
Ljubljana,[ 'Brazilian',1
London,[ 'Vietnamese',7
London,'Fast Food' ],5
Hamburg,'Colombian' ],2
Helsinki,'Asian',63
Helsinki,'French' ],2
Hamburg,[ 'African',2
Helsinki,'Arabic' ],1
London,'Seafood',46
Hamburg,'Thai' ],5
Helsinki,[ 'Cafe' ],14
Helsinki,'Indian',3
Krakow,[ 'Mediterranean',12
Lisbon,'Pakistani',1
London,'Italian',24
London,'African',4
Hamburg,[ 'Mediterranean',45
Helsinki,[ 'Fusion',3
Helsinki,[ 'Bar' ],2
Lisbon,'French',3
Ljubljana,[ 'Spanish' ],1
London,'Minority Chinese',1
Hamburg,[ 'Turkish' ],10
Helsinki,[ 'Fast Food' ],5
Lisbon,[ 'Soups',1
London,'Central European',19
London,[ 'Caribbean',5
Helsinki,[ 'Mediterranean' ],3
Krakow,[ 'Steakhouse' ],2
Lisbon,[ 'Pub',4
Hamburg,'African',1
Hamburg,[ 'American' ],16
Helsinki,'Asian' ],26
Helsinki,[ 'Belgian',1
Krakow,'Contemporary' ],3
London,[ 'Mediterranean',184
London,'Burmese',1
Hamburg,'Middle Eastern' ],10
Helsinki,'Eastern European',5
Krakow,'Italian' ],1
Ljubljana,'Steakhouse' ],1
Hamburg,[ 'Pizza' ],15
Hamburg,'Canadian' ],1
Helsinki,[ 'Middle Eastern',4
Helsinki,[ 'Chinese' ],18
Helsinki,[ 'Swedish',1
Lisbon,[ 'Steakhouse',36
Ljubljana,'Brazilian',1
London,'International',60
London,'Fusion',34
Krakow,'Hungarian',1
Ljubljana,'Bangladeshi',1
London,'Vegetarian Friendly',1823
London,[ 'German',7
Krakow,'European' ],161
Krakow,[ 'Vegetarian Friendly',3
Lisbon,[ 'Belgian',2
London,'Wine Bar' ],2
Helsinki,[ 'Russian',4
Helsinki,[ 'Pub',4
Krakow,[ 'Bar',38
Krakow,'Soups' ],9
Ljubljana,'Mediterranean' ],8
Krakow,'Vegetarian Friendly' ],193
Lisbon,'Puerto Rican' ],2
Helsinki,'American' ],4
Krakow,[ 'Fusion',1
Krakow,'Central American' ],1
Lisbon,'Spanish' ],20
Lisbon,'Belgian',2
London,'Asian',289
Hamburg,[ 'Wine Bar' ],5
Lisbon,'Nepali' ],18
Hamburg,'Korean',5
Helsinki,'Egyptian' ],1
Krakow,'Middle Eastern',10
Krakow,[ 'American' ],6
Lisbon,'Fast Food',30
Lisbon,[ 'Sushi',5
Ljubljana,'Slovenian',99
London,[ 'Gluten Free Options',1
Krakow,'European',347
Krakow,[ 'Lebanese',2
Krakow,[ 'European' ],11
Krakow,[ 'Fast Food' ],6
Krakow,[ 'Middle Eastern' ],1
Ljubljana,[ 'Pizza',12
Hamburg,'Indian',1
Hamburg,[ 'Brazilian',1
Helsinki,[ 'Barbecue',3
Helsinki,[ 'Thai',1
Lisbon,[ 'Delicatessen',1
Hamburg,[ 'Caribbean',3
Hamburg,[ 'Thai',3
Helsinki,'Vietnamese',8
Ljubljana,'Slovenian' ],45
Ljubljana,'Vietnamese',1
London,'European' ],5
London,'Taiwanese' ],1
Hamburg,'Mediterranean' ],37
Hamburg,'Croatian' ],3
Helsinki,'Italian' ],4
Helsinki,[ 'Grill',1
Helsinki,'Afghani' ],1
Krakow,[ 'New Zealand',1
Krakow,'International' ],5
Krakow,'Ukrainian' ],2
Lisbon,'Peruvian',3
Ljubljana,[ 'Barbecue',10
Ljubljana,'American',6
Hamburg,[ 'Cafe',24
Helsinki,'Czech',1
Helsinki,'Pub' ],32
Lisbon,'Gastropub',5
London,'Sushi',67
Helsinki,[ 'Cafe',42
Krakow,'Soups',22
Krakow,[ 'Asian' ],5
Lisbon,'Eastern European',1
Lisbon,'Bangladeshi',1
London,'Korean',12
Hamburg,'Grill' ],8
Helsinki,'European' ],49
London,[ 'Cafe',104
London,'Cafe',55
London,'Malaysian',13
London,[ 'Argentinean',2
Helsinki,[ 'Seafood',6
Helsinki,'International' ],5
Krakow,'Argentinean',3
Lisbon,[ 'Peruvian',7
Lisbon,'Turkish' ],3
Lisbon,[ 'Grill' ],2
Ljubljana,'Vegan Options',34
Ljubljana,'Mexican',2
Helsinki,'Bar',23
London,'American',19
Hamburg,[ 'Fast Food',13
Hamburg,[ 'Austrian',9
Hamburg,'Gastropub' ],5
Helsinki,[ 'Italian' ],8
Lisbon,[ 'Street Food',2
Ljubljana,[ 'Contemporary',1
Helsinki,'Middle Eastern',20
Helsinki,[ 'Sushi' ],7
Helsinki,'Healthy',5
Krakow,'British' ],1
Ljubljana,'Central European' ],37
Ljubljana,[ 'Seafood',16
Ljubljana,'Italian' ],2
Ljubljana,'Croatian',1
Lisbon,[ 'Tibetan',1
Ljubljana,'Contemporary',6
London,[ 'Southwestern',1
Krakow,'Grill',16
Hamburg,[ 'Mexican',16
Hamburg,'Pakistani' ],2
Hamburg,[ 'South American',1
Krakow,'Balti',1
Lisbon,'Mediterranean' ],81
Lisbon,'Cuban' ],1
Lisbon,'Tibetan' ],1
Hamburg,[ 'Vegetarian Friendly',4
Helsinki,'Nepali',10
Krakow,[ 'Italian',145
Helsinki,'Sushi' ],14
Krakow,[ 'Vietnamese' ],3
Lisbon,'Japanese',11
Ljubljana,[ 'Cafe' ],7
Hamburg,[ 'Bar',39
Hamburg,'Mongolian' ],4
Hamburg,[ 'African' ],1
Helsinki,'Singaporean',1
Krakow,'Chinese' ],1
Lisbon,'Cuban',2
Ljubljana,[ 'American',9
Ljubljana,[ 'Slovenian' ],1
London,[ 'International',20
Helsinki,'Mediterranean' ],6
Lisbon,'Latin',13
Lisbon,'Austrian',1
London,'Hawaiian',5
Helsinki,'Nepali' ],8
Krakow,[ 'Asian',8
Krakow,'Korean',3
Lisbon,'Diner',5
Lisbon,[ 'International' ],14
Lisbon,[ 'Wine Bar' ],3
Hamburg,'Nepali' ],1
Hamburg,[ 'Vegan Options' ],1
Helsinki,'Halal' ],4
Lisbon,[ 'French',18
Lisbon,'Bar',57
Lisbon,[ 'Vegetarian Friendly' ],15
Lisbon,[ 'Cafe' ],7
London,[ 'Fusion',1
Helsinki,'Italian',7
Krakow,'Greek',1
Lisbon,'Sushi',62
London,'Russian',2
Hamburg,[ 'Grill' ],1
Krakow,'Greek' ],2
Lisbon,'Asian',92
Ljubljana,'Albanian' ],1
London,'Vegan Options' ],350
London,[ 'Vegetarian Friendly' ],2
Hamburg,'Portuguese' ],18
Helsinki,[ 'European' ],23
Helsinki,'Korean' ],5
Lisbon,'Pizza',71
Ljubljana,'Soups' ],1
London,'Gluten Free Options',231
London,'Thai',58
Hamburg,[ 'Japanese' ],4
Helsinki,'Vegetarian Friendly' ],112
Helsinki,'Bar' ],1
Krakow,[ 'Indian',13
Krakow,'Diner' ],5
Lisbon,[ 'Lebanese',4
Ljubljana,'Healthy',9
Ljubljana,[ 'Barbecue' ],1
London,[ 'Fast Food',40
Hamburg,'Pub' ],24
Hamburg,'British' ],3
Lisbon,'Street Food',6
Ljubljana,'Grill' ],3
London,'Halal',122
Helsinki,'Mediterranean',37
Krakow,'Steakhouse',5
London,[ 'British',98
London,'Fusion' ],1
Krakow,[ 'Steakhouse',8
Krakow,[ 'Sushi' ],1
Lisbon,[ 'Healthy',10
Ljubljana,'Brew Pub',1
Krakow,'Cafe',28
Lisbon,'Halal',8
London,'Argentinean' ],2
Hamburg,'German' ],15
Helsinki,[ 'Fusion' ],2
Krakow,[ 'Greek' ],1
Lisbon,'Seafood',27
Hamburg,'Lebanese',2
Hamburg,'Cafe' ],7
Hamburg,'Cuban' ],2
Lisbon,'Vegetarian Friendly',379
Lisbon,'Italian',21
London,'Middle Eastern',133
London,'Irish',1
London,[ 'African',14
London,[ 'Street Food',5
Hamburg,'Albanian',1
Helsinki,[ 'British' ],1
Ljubljana,'South American' ],1
Hamburg,[ 'Turkish',5
Helsinki,[ 'Contemporary' ],2
Helsinki,'Israeli',2
Lisbon,'Brew Pub',4
Ljubljana,[ 'French',2
Hamburg,'Italian' ],2
Hamburg,[ 'Greek' ],48
Hamburg,[ 'Latin',3
Helsinki,'Grill' ],3
Lisbon,'Fusion' ],14
Lisbon,'Pizza' ],15
Ljubljana,'Street Food',6
Ljubljana,'Pizza' ],4
London,'Singaporean',5
Hamburg,'Eastern European',2
Krakow,'Indian',1
Krakow,'Latin',1
Krakow,[ 'American',33
Lisbon,'Swiss',1
Lisbon,[ 'Vegetarian Friendly',6
Ljubljana,'Cafe',15
Ljubljana,[ 'Thai',1
Ljubljana,'Fusion' ],1
London,'Balti',24
London,[ 'Middle Eastern',10
Hamburg,[ 'Peruvian',3
Helsinki,'Seafood',3
London,'Persian',9
Hamburg,[ 'Indian' ],20
Lisbon,'Healthy',49
Lisbon,'Portuguese' ],994
Hamburg,'American',11
Hamburg,'Ethiopian' ],1
Hamburg,'Korean' ],1
Helsinki,[ 'Italian',62
Lisbon,'Healthy' ],11
Lisbon,'Delicatessen' ],2
Lisbon,'Hawaiian' ],1
Lisbon,'Greek' ],1
Ljubljana,'Central European',77
Lisbon,'Fast Food' ],4
London,[ 'Italian',385
London,[ 'Healthy',5
London,'Brazilian',3
London,'South American' ],1
London,'Vegeta,1
Hamburg,[ 'Pakistani',3
Lisbon,'Gluten Free Options',12
Lisbon,'Barbecue' ],8
Lisbon,'Korean',2
Lisbon,[ 'Turkish' ],1
Ljubljana,'Middle Eastern' ],2
Ljubljana,[ 'Chinese' ],3
London,'Cuban',2
Helsinki,'Fast Food' ],6
Krakow,'Mediterranean' ],7
Lisbon,[ 'Fusion',4
London,[ 'European',244
London,'Seafood' ],2
Helsinki,[ 'Pizza' ],14
Krakow,[ 'Brazilian',2
Lisbon,'Spanish',32
Ljubljana,[ 'Mediterranean',16
Ljubljana,'Soups',13
London,[ 'British' ],6
Krakow,'Gluten Free Options' ],109
Krakow,'Contemporary',8
Krakow,'Fusion' ],4
Ljubljana,'Fast Food' ],1
Ljubljana,[ 'Greek' ],1
London,'Jamaican',4
Helsinki,[ 'Healthy',3
Krakow,'Brew Pub',2
Lisbon,'Central European' ],6
Ljubljana,'Mediterranean',53
Ljubljana,'European',114
Ljubljana,[ 'Steakhouse',8
Ljubljana,[ 'Indian',5
Ljubljana,'Turkish',2
London,'Barbecue',59
Hamburg,[ 'Spanish',6
Helsinki,'Steakhouse',4
Helsinki,[ 'Soups',5
Helsinki,'Halal',3
Helsinki,'Japanese' ],6
Lisbon,'Steakhouse',13
Lisbon,'Contemporary' ],11
London,'Steakhouse',24
Hamburg,'Central American' ],1
Helsinki,'International',24
Helsinki,[ 'Brazilian',1
Helsinki,[ 'Chinese',32
Krakow,'Ukrainian',3
Lisbon,[ 'Bar',99
Lisbon,[ 'Mediterranean',457
Lisbon,[ 'Cafe',72
Lisbon,[ 'Wine Bar',3
Lisbon,'Arabic',2
London,'Asian' ],2
Hamburg,'Swedish',1
Helsinki,[ 'Eastern European' ],1
Lisbon,'Vegetarian Friendly' ],331
Ljubljana,[ 'Italian',41
Ljubljana,'Grill',10
Ljubljana,'Japanese',2
Lisbon,'European',896
Lisbon,[ 'European',800
London,[ 'Cajun & Creole',1
Hamburg,'Moroccan',1
Hamburg,'Croatian',1
Hamburg,[ 'International' ],24
Helsinki,[ 'International' ],7
Helsinki,[ 'Asian' ],4
Lisbon,'Central European',2
Lisbon,'Asian' ],34
Lisbon,'Eastern European' ],1
Lisbon,'Vietnamese' ],1
London,'Pub' ],36
Helsinki,'Vietnamese' ],7
Krakow,'Kosher' ],11
Krakow,'Arabic',2
Krakow,[ 'Brew Pub',7
Lisbon,[ 'American',36
Lisbon,[ 'South American' ],1
London,[ 'Bar' ],7
London,[ 'Brazilian',5
London,'Healthy' ],1
Helsinki,'Delicatessen',2
Krakow,[ 'Seafood' ],1
Lisbon,[ 'South American',1
Ljubljana,'Barbecue',17
London,'Grill' ],4
Hamburg,'Scandinavian',3
Helsinki,[ 'Lebanese',5
Krakow,'Gastropub' ],3
Lisbon,[ 'Italian',126
Lisbon,[ 'Pizza',20
Lisbon,'Greek',2
London,'Grill',71
London,[ 'Fast Food' ],1
Hamburg,'Contemporary' ],9
Hamburg,'Afghani' ],1
Helsinki,'Soups',14
Helsinki,'Brew Pub' ],2
Helsinki,[ 'Greek' ],1
London,'Diner',20
London,'Diner' ],8
London,[ 'New Zealand',1
Helsinki,'Portuguese' ],1
Krakow,'International',41
Krakow,'Bar',73
Krakow,[ 'Eastern European',2
Krakow,'Sushi' ],6
Krakow,'Chinese',3
Lisbon,'Gluten Free Options' ],234
Lisbon,'International' ],8
Ljubljana,[ 'Lebanese',1
Ljubljana,'Latin',3
Hamburg,[ 'Irish',2
Hamburg,[ 'Diner' ],1
Helsinki,'European',145
Ljubljana,'International',14
Ljubljana,'Central American' ],1
Hamburg,[ 'Italian' ],93
Hamburg,'Persian' ],4
Helsinki,'Delicatessen' ],4
Krakow,'Central European',194
Lisbon,'Nepali',29
Hamburg,[ 'Diner',2
Lisbon,[ 'Moroccan',1
Lisbon,[ 'Pub' ],6
Lisbon,'American',7
Lisbon,[ 'Latin',4
London,'Contemporary',53
Helsinki,'Middle Eastern' ],4
Helsinki,'Spanish' ],6
Helsinki,[ 'Thai' ],8
Krakow,'Barbecue' ],2
London,'Turkish',76
Ljubljana,'Vegetarian Friendly' ],47
Ljubljana,'Wine Bar',10
London,[ 'Lebanese',38
Helsinki,'Caucasian',2
Krakow,[ 'Eastern European' ],1
Lisbon,'Grill' ],20
Lisbon,'Middle Eastern' ],2
London,[ 'Israeli',1
Lisbon,'Moroccan',1
Ljubljana,[ 'Bar' ],1
London,'Bar' ],7
London,'Moroccan',7
Krakow,'Pizza',51
Krakow,'Canadian' ],1
Krakow,[ 'Pizza' ],16
Lisbon,[ 'Pakistani',1
Lisbon,[ 'American' ],4
Ljubljana,[ 'Soups',1
Ljubljana,'Russian',1
Helsinki,'Diner',6
Helsinki,'Cafe' ],5
Lisbon,'Barbecue',33
Lisbon,[ 'Filipino',2
Lisbon,'Diner' ],3
Lisbon,'Chilean',1
Ljubljana,[ 'Middle Eastern',1
Krakow,'Vegetarian Friendly',179
Krakow,'Eastern European' ],21
Lisbon,[ 'Turkish',1
Lisbon,'Turkish',6
Ljubljana,'Wine Bar' ],3
London,[ 'Greek',3
Hamburg,'Jamaican',1
Helsinki,[ 'German' ],1
Helsinki,[ 'Japanese' ],2
Krakow,'British',2
Helsinki,'Scandinavian',113
Krakow,'Czech',2
Lisbon,[ 'Argentinean',2
Lisbon,'Italian' ],5
Lisbon,[ 'Sushi' ],14
London,'Tibetan',2
Hamburg,[ 'Fast Food' ],3
Krakow,'Central American',3
Krakow,'Halal',4
Ljubljana,'Cafe' ],3
London,'Central American',18
Hamburg,'Tibetan',2
Hamburg,'Cajun & Creole',1
Helsinki,'British' ],1
Krakow,[ 'Indian' ],1
Lisbon,'Mexican',3
Ljubljana,[ 'Indian' ],1
Helsinki,'Street Food',6
Helsinki,'Street Food' ],3
Krakow,'Turkish',5
Krakow,[ 'Vegetarian Friendly' ],4
Lisbon,[ 'Brew Pub',9
Lisbon,[ 'Pizza' ],10
Lisbon,[ 'Mediterranean' ],8
Ljubljana,[ 'Fast Food',10
Hamburg,[ 'Soups',1
Helsinki,'Gluten Free Options' ],149
Krakow,[ 'International' ],5
Lisbon,'Wine Bar' ],31
Ljubljana,[ 'Mediterranean' ],4
Helsinki,[ 'Sushi',6
Krakow,'Pub' ],38
Krakow,[ 'Mediterranean' ],4
Lisbon,[ 'Caribbean',3
Ljubljana,[ 'International',5
London,'Street Food',15
London,'Venezuelan',2
London,[ 'Pub' ],2
Krakow,'Kosher',1
Krakow,[ 'Mexican',6
Lisbon,'Argentinean',7
Lisbon,[ 'Spanish',6
London,[ 'Mexican',38
London,[ 'Spanish',7
Lisbon,'Seafood' ],7
London,'Tunisian',2
London,'Polish',1
Helsinki,[ 'Indian',12
Krakow,'Asian',34
Lisbon,'Pub',55
Lisbon,[ 'European' ],14
London,'Vietnamese',17
Helsinki,'Gastropub',3
Lisbon,'Thai',11
Lisbon,[ 'German' ],3
Ljubljana,'Vegetarian Friendly',75
Hamburg,'Thai',16
Hamburg,'Kosher' ],1
Hamburg,[ 'Polish',1
Hamburg,[ 'British',1
Helsinki,'Irish' ],1
Krakow,'Delicatessen' ],2
Hamburg,[ 'Mexican' ],5
Helsinki,'Central European',10
Helsinki,[ 'Nepali',14
Lisbon,[ 'African',11
Ljubljana,[ 'European' ],8
Hamburg,'Delicatessen',9
Helsinki,'Thai' ],12
Krakow,'Mexican',2
Lisbon,'Steakhouse' ],1
London,'Wine Bar',48
Hamburg,'Israeli',2
Helsinki,[ 'Hawaiian',2
Krakow,'Lebanese',2
Ljubljana,[ 'Pizza' ],7
London,'Scandinavian',5
London,'Central European' ],2
London,[ 'Pub',1
Hamburg,'Wine Bar' ],7
Hamburg,'Tibetan' ],1
Helsinki,'Spanish',11
Krakow,'Healthy' ],8
Lisbon,'South American' ],43
Lisbon,'American' ],2
Lisbon,'Chinese' ],2
Ljubljana,[ 'European',80
Ljubljana,[ 'Mexican',7
London,'Spanish',76
Krakow,[ 'Cafe',21
Lisbon,'Israeli',1
Ljubljana,[ 'Seafood' ],2
London,[ 'Belgian',4
London,[ 'Brew Pub',2
Helsinki,'Vegetarian Friendly',206
Helsinki,'Greek' ],1
Krakow,'Vietnamese',3
Krakow,[ 'Healthy',5
Lisbon,[ 'Portuguese' ],44
Lisbon,'South American',9
Lisbon,'Bar' ],2
Helsinki,[ 'Fast Food',12
Krakow,'Russian',2
Lisbon,'Delicatessen',12
Ljubljana,'Greek' ],1
Hamburg,'Irish',1
Lisbon,[ 'Gastropub',1
London,[ 'Gastropub',2
Helsinki,'Turkish',8
Lisbon,'Contemporary',68
London,[ 'Wine Bar',6
Helsinki,'Fast Food',20
Helsinki,[ 'French' ],2
Lisbon,'Austrian' ],1
Lisbon,[ 'Brazilian' ],2
Ljubljana,'Contemporary' ],1
Ljubljana,'Seafood',9
London,[ 'Polish',6
London,'Indonesian',3
London,[ 'Filipino',2
Helsinki,'Contemporary',8
Helsinki,'Steakhouse' ],2
Krakow,[ 'French' ],1
Lisbon,'Gastropub' ],5
Lisbon,[ 'Steakhouse' ],1
Ljubljana,'Gluten Free Options',3
Helsinki,[ 'Georgian',1
Helsinki,'French',5
Lisbon,[ 'Fusion' ],3
Lisbon,[ 'Diner',1
Ljubljana,'Gluten Free Options' ],58
London,'Mexican',3
Hamburg,'Swedish' ],1
Helsinki,[ 'Peruvian',1
Helsinki,[ 'American' ],15
Helsinki,'Southwestern',4
Krakow,'Mediterranean',76
London,'Scottish',7
London,'Central American' ],2
Hamburg,'Persian',2
Hamburg,[ 'Moroccan',2
Helsinki,'Vegan Options' ],88
Lisbon,'Street Food' ],6
Ljubljana,'Irish',1
London,'Bangladeshi',16
London,[ 'Indian',129
London,[ 'Latin',10
Helsinki,'Russian',1
Krakow,'Fast Food',32
Ljubljana,'Fusion',5
London,[ 'Soups',1
Krakow,[ 'Georgian',2
Krakow,'South American' ],2
Lisbon,[ 'Japanese',73
Hamburg,'Mexican',2
Helsinki,'Sushi',33
Helsinki,'Cajun & Creole' ],1
Ljubljana,[ 'Wine Bar',1
London,[ 'Peruvian',12
London,[ 'Moroccan',4
Hamburg,[ 'Middle Eastern',9
Hamburg,'Hungarian' ],1
Ljubljana,'Gastropub',2
London,'Delicatessen',16
London,'Scottish' ],1
Hamburg,'Healthy' ],4
Hamburg,'South American' ],7
Krakow,[ 'Fast Food',9
Lisbon,[ 'Fast Food',23
Ljubljana,[ 'Asian',4
London,[ 'Japanese',85
Hamburg,'Seafood' ],16
Hamburg,[ 'German' ],57
Helsinki,'Gluten Free Options',32
Helsinki,'Chinese' ],2
Lisbon,[ 'Seafood',167
Lisbon,[ 'Mexican',9
Ljubljana,'Asian',18
Hamburg,'Cajun & Creole' ],1
Helsinki,[ 'Vegetarian Friendly',5
Helsinki,[ 'Bar',57
Krakow,[ 'Nepali',1
Krakow,'Azerbaijani',1
Krakow,'Hungarian' ],2
Lisbon,'Arabic' ],3
London,[ 'French',155
Hamburg,[ 'Soups' ],2
Krakow,'Barbecue',8
Lisbon,'Fusion',32
Lisbon,'Middle Eastern',10
Ljubljana,'European' ],19
Ljubljana,'British' ],1
Hamburg,'Soups',8
Krakow,'Pub',49
Ljubljana,[ 'African',1
London,'Brew Pub',7
Hamburg,'Turkish' ],7
Hamburg,[ 'Pub',1
Helsinki,[ 'Scandinavian',28
Helsinki,'Lebanese',1
Helsinki,[ 'Indian' ],2
Lisbon,[ 'Contemporary' ],3
London,'Gastropub',62
London,'Soups',42
London,[ 'Vegetarian Friendly',8
London,'Sri Lankan',1
Krakow,[ 'Chinese' ],3
Krakow,'Swedish' ],1
Lisbon,'Indian',16
Lisbon,'African' ],3
London,'Arabic',3
London,[ 'Scandinavian',2
Krakow,'Wine Bar',9
Lisbon,'Halal' ],8
Lisbon,'Tibetan',3
Lisbon,[ 'Spanish' ],10
London,'Steakhouse' ],2
Hamburg,[ 'Contemporary',1
Helsinki,'Mexican',4
Helsinki,'Sri Lankan' ],1
Krakow,'Polish',94
Krakow,'Central European' ],47
Krakow,'Dutch',1
London,[ 'Italian' ],1
Helsinki,'Vegan Options',56
Hamburg,'Armenian' ],1
Helsinki,'Grill',6
Helsinki,'Turkish' ],6
Helsinki,'Georgian',2
Krakow,'Czech' ],1
Ljubljana,[ 'Irish',1
Helsinki,'Moroccan',1
Lisbon,'Central American',4
Lisbon,[ 'Indian' ],15
Lisbon,'Irish',1
Ljubljana,[ 'Bar',28
London,'Pizza',207
Hamburg,'Greek',16
Helsinki,[ 'Middle Eastern' ],3
Krakow,'American' ],2
London,'Halal' ],43
London,'Norwegian',2
Lisbon,'Pub' ],34
Lisbon,[ 'Grill',3
Ljubljana,[ 'Pub' ],1
London,'Egyptian',2
Krakow,[ 'Polish',349
Lisbon,'Bangladeshi' ],2
London,'Gluten Free Options' ],1589
Hamburg,'Sri Lankan',1
Krakow,[ 'German',1
Lisbon,'Indonesian' ],1
Lisbon,'Taiwanese',1
Ljubljana,'American' ],1
