_c0,Name,City,Cuisine Style,Ranking,Rating,Price Range,Number of Reviews,Reviews,URL_TA,ID_TA,rank_desc,rank_asc
3242,Fondue oost,Amsterdam,"[ 'French', 'German', 'Belgian', 'Dutch', 'European' ]",,-1.0,,,"[ [ 'Might look good on socialMedia, sucks in r...' ], [ '01/10/2018' ] ]",/Restaurant_Review-g188590-d13331300-Reviews-Fondue_oost-Amsterdam_North_Holland_Province.html,d13331300,268,1
990,De Hu's,Amsterdam,[ 'Chinese' ],993.0,5.0,,17.0,"[ [ 'Exceptional food and outstanding service...', 'Loved it' ], [ '10/24/2017', '10/07/2017' ] ]",/Restaurant_Review-g188590-d12356035-Reviews-De_Hu_s-Amsterdam_North_Holland_Province.html,d12356035,1,214
3201,Maurya Indian Restaurant,Amsterdam,"[ 'Indian', 'Asian' ]",3212.0,2.0,$$$$,51.0,"[ [ 'Caution: expensive, poor quality, less qua...', 'Rip Off Central' ], [ '05/05/2017', '08/05/2015' ] ]",/Restaurant_Review-g188590-d696972-Reviews-Maurya_Indian_Restaurant-Amsterdam_North_Holland_Province.html,d696972,100,1
3,Vinkeles,Amsterdam,"[ 'French', 'European', 'International', 'Contemporary', 'Vegetarian Friendly', 'Vegan Options', 'Gluten Free Options' ]",4.0,5.0,$$$$,564.0,"[ [ 'True five star dinner', 'A superb evening of fine dining, hospitali...' ], [ '12/20/2017', '12/17/2017' ] ]",/Restaurant_Review-g188590-d1239229-Reviews-Vinkeles-Amsterdam_North_Holland_Province.html,d1239229,1,91
1783,Thea Dilaveri,Athens,"[ 'Cafe', 'Diner' ]",1788.0,1.0,,,"[ [  ], [  ] ]",/Restaurant_Review-g189400-d12908841-Reviews-Thea_Dilaveri-Athens_Attica.html,d12908841,225,1
590,Barbounaki,Athens,"[ 'Seafood', 'Greek' ]",591.0,5.0,,6.0,"[ [ 'Amazing food!', 'An excellent fish restaurant in downtown A...' ], [ '01/07/2018', '12/22/2017' ] ]",/Restaurant_Review-g189400-d12987316-Reviews-Barbounaki-Athens_Attica.html,d12987316,1,162
1749,Seirines,Athens,"[ 'Greek', 'Mediterranean' ]",1751.0,2.0,$$ - $$$,75.0,"[ [ 'Quick lunch', 'We enjoyed the Retsina' ], [ '07/10/2017', '10/21/2017' ] ]",/Restaurant_Review-g189400-d3708996-Reviews-Seirines-Athens_Attica.html,d3708996,684,1
0,Simul Gastronomic Situ,Athens,"[ 'European', 'Vegetarian Friendly', 'Vegan Options', 'Gluten Free Options' ]",1.0,5.0,$$ - $$$,127.0,"[ [ 'Excellent experience', 'A nice surprise' ], [ '01/09/2018', '01/01/2018' ] ]",/Restaurant_Review-g189400-d9763282-Reviews-Simul_Gastronomic_Situ-Athens_Attica.html,d9763282,1,630
1700,El Greco,Athens,[ 'Greek' ],1702.0,2.0,$$$$,27.0,"[ [ 'Lovely food with very friendly service', 'Near the acropolis and a lovely place' ], [ '10/16/2017', '10/02/2017' ] ]",/Restaurant_Review-g189400-d3862721-Reviews-El_Greco-Athens_Attica.html,d3862721,60,1
2,Dinner in the Sky,Athens,"[ 'Mediterranean', 'European', 'Greek', 'Vegetarian Friendly', 'Vegan Options', 'Gluten Free Options' ]",3.0,5.0,$$$$,886.0,"[ [ 'Great sensorial experience', 'Perfect Way to Watch the Sunset in Athens' ], [ '12/22/2017', '11/06/2017' ] ]",/Restaurant_Review-g189400-d7825999-Reviews-Dinner_in_the_Sky-Athens_Attica.html,d7825999,1,53
7741,Good Sign,Barcelona,[ 'American' ],7744.0,1.0,,,"[ [  ], [  ] ]",/Restaurant_Review-g187497-d3440574-Reviews-Good_Sign-Barcelona_Catalonia.html,d3440574,794,1
1442,Quinoa Arago Vegetaria,Barcelona,"[ 'Vegetarian Friendly', 'Vegan Options', 'Gluten Free Options' ]",1443.0,5.0,,21.0,"[ [ 'Amazing Vegan food, amazing service.', 'Authentic spot' ], [ '12/04/2017', '07/25/2017' ] ]",/Restaurant_Review-g187497-d12338846-Reviews-Quinoa_Arago_Vegetaria-Barcelona_Catalonia.html,d12338846,1,695
6330,La Vecchia Trattoria,Berlin,[ 'Italian' ],6332.0,1.0,,,"[ [ 'Worst food ever!' ], [ '04/04/2010' ] ]",/Restaurant_Review-g187323-d1747477-Reviews-La_Vecchia_Trattoria-Berlin.html,d1747477,751,1
961,Chipi Chipi Bombon,Berlin,"[ 'Italian', 'Argentinean', 'South American' ]",962.0,5.0,,13.0,"[ [ 'Best ice cream in Berlin', 'Greatest ice cream in Friedrichshain and o...' ], [ '12/26/2017', '12/08/2017' ] ]",/Restaurant_Review-g187323-d12652784-Reviews-Chipi_Chipi_Bombon-Berlin.html,d12652784,1,585
6362,Cafe MokannTi,Berlin,"[ 'German', 'African' ]",,-1.0,$,,"[ [  ], [  ] ]",/Restaurant_Review-g187323-d12249169-Reviews-Cafe_MokannTi-Berlin.html,d12249169,1027,1
107,Naveena Path,Berlin,"[ 'Indian', 'Asian', 'Sri Lankan', 'Vegetarian Friendly', 'Vegan Options', 'Gluten Free Options' ]",108.0,5.0,$,423.0,"[ [ 'Mindblowing!', 'Authentic Indian food' ], [ '01/08/2018', '01/08/2018' ] ]",/Restaurant_Review-g187323-d1963405-Reviews-Naveena_Path-Berlin.html,d1963405,1,866
6246,ferris gastronomie,Berlin,"[ 'Italian', 'Pizza', 'European' ]",6248.0,2.0,$$ - $$$,98.0,"[ [ 'Just not the dame', 'Avoid this Place at all costs' ], [ '12/01/2017', '09/18/2017' ] ]",/Restaurant_Review-g187323-d3225042-Reviews-Ferris_gastronomie-Berlin.html,d3225042,2249,1
4,El Loco,Berlin,"[ 'Mexican', 'Central American', 'Vegetarian Friendly', 'Vegan Options' ]",5.0,5.0,$$ - $$$,171.0,"[ [ 'Join the Loco family 😉', 'Best sweet potato fries!' ], [ '11/07/2017', '10/30/2017' ] ]",/Restaurant_Review-g187323-d6499724-Reviews-El_Loco-Berlin.html,d6499724,1,2116
843,Jimmy's,Bratislava,"[ 'European', 'Eastern European' ]",844.0,2.0,$$ - $$$,187.0,"[ [ 'There is better places in Bratislava than...', 'Good location but bad service' ], [ '07/18/2017', '07/12/2017' ] ]",/Restaurant_Review-g274924-d2282552-Reviews-Jimmy_s-Bratislava_Bratislava_Region.html,d2282552,304,1
49,Samovar,Bratislava,"[ 'Central European', 'Russian', 'Vegetarian Friendly' ]",50.0,5.0,$$ - $$$,49.0,"[ [ 'Очень вкусно!!', 'Russian corner' ], [ '11/11/2017', '09/05/2017' ] ]",/Restaurant_Review-g274924-d5048796-Reviews-Samovar-Bratislava_Bratislava_Region.html,d5048796,1,290
29,UFO,Bratislava,"[ 'European', 'Central European', 'Vegetarian Friendly', 'Vegan Options', 'Gluten Free Options' ]",30.0,4.0,$$$$,793.0,"[ [ 'Great views and drink selection', 'Very good view' ], [ '02/20/2018', '02/14/2018' ] ]",/Restaurant_Review-g274924-d697355-Reviews-UFO-Bratislava_Bratislava_Region.html,d697355,21,1
112,Baroza Restaurant & Bistro,Bratislava,"[ 'European', 'Central European', 'Vegetarian Friendly' ]",113.0,5.0,$$$$,15.0,"[ [ 'One of our favourite restaurants in Bratis...', 'Amazing food and warm atmosphere' ], [ '01/04/2018', '09/10/2017' ] ]",/Restaurant_Review-g274924-d11873651-Reviews-Baroza_Restaurant_Bistro-Bratislava_Bratislava_Region.html,d11873651,1,23
2993,Wok Expo,Brussels,[ 'Asian' ],2994.0,1.0,,10.0,"[ [ 'Not the best, but not the worst neither' ], [ '03/08/2017' ] ]",/Restaurant_Review-g188644-d11947140-Reviews-Wok_Expo-Brussels.html,d11947140,277,1
1043,Du Coq A L'Ane,Brussels,"[ 'French', 'Belgian', 'European' ]",1044.0,5.0,,6.0,"[ [  ], [  ] ]",/Restaurant_Review-g950786-d12918735-Reviews-Du_Coq_A_L_Ane-Schaerbeek_Brussels.html,d12918735,1,236
2985,O'tacos,Brussels,[ 'Mexican' ],2986.0,1.5,$,18.0,"[ [ 'Never expect worse', 'Ow lord they did that taco wrong' ], [ '02/04/2018', '01/17/2018' ] ]",/Restaurant_Review-g188644-d12770536-Reviews-O_tacos-Brussels.html,d12770536,351,1
1,Tonton Garby,Brussels,"[ 'Belgian', 'European', 'Vegetarian Friendly', 'Vegan Options' ]",2.0,5.0,$,1141.0,"[ [ 'So happy we went here', 'Amazing' ], [ '02/24/2018', '02/21/2018' ] ]",/Restaurant_Review-g188644-d5826726-Reviews-Tonton_Garby-Brussels.html,d5826726,1,331
2416,Barba Pizza & Kitchen,Budapest,"[ 'Italian', 'European', 'Hungarian' ]",2417.0,1.5,$$$$,2.0,"[ [ 'Pizza and dessert delivered', 'Good Pizza but delivery is a DISASTER' ], [ '12/30/2017', '12/19/2017' ] ]",/Restaurant_Review-g274887-d13112130-Reviews-Barba_Pizza_Kitchen-Budapest_Central_Hungary.html,d13112130,68,1
4,Caviar&Bull,Budapest,"[ 'Seafood', 'International', 'Mediterranean', 'European', 'Central European', 'Vegetarian Friendly', 'Vegan Options', 'Gluten Free Options' ]",5.0,5.0,$$$$,563.0,"[ [ 'Wonderful in every way', 'Superbe culinary experience' ], [ '01/08/2018', '01/08/2018' ] ]",/Restaurant_Review-g274887-d12503281-Reviews-Caviar_Bull-Budapest_Central_Hungary.html,d12503281,1,60
1959,Star Midnight Kebab-Grill,Copenhagen,"[ 'Grill', 'Middle Eastern' ]",1964.0,1.0,$$ - $$$,,"[ [  ], [  ] ]",/Restaurant_Review-g189541-d805474-Reviews-Star_Midnight_Kebab_Grill-Copenhagen_Zealand.html,d805474,927,1
0,Zahida at Westmarket,Copenhagen,"[ 'Indian', 'Middle Eastern', 'Pakistani', 'Vegetarian Friendly', 'Vegan Options', 'Gluten Free Options' ]",1.0,5.0,$$ - $$$,408.0,"[ [ 'Pakistani food from the heart', 'DELICIOUS FUN' ], [ '12/30/2017', '12/30/2017' ] ]",/Restaurant_Review-g189541-d12214757-Reviews-Zahida_at_Westmarket-Copenhagen_Zealand.html,d12214757,1,888
1964,Karma Sushi Kodbyen,Copenhagen,"[ 'Japanese', 'Sushi' ]",,-1.0,$$$$,,"[ [ 'Nice atmosphere and friendly staff' ], [ '01/08/2018' ] ]",/Restaurant_Review-g189541-d12908220-Reviews-Karma_Sushi_Kodbyen-Copenhagen_Zealand.html,d12908220,83,1
1,Restaurant Krebsegaarden,Copenhagen,"[ 'European', 'Scandinavian', 'Danish', 'Norwegian', 'Vegetarian Friendly', 'Vegan Options', 'Gluten Free Options' ]",2.0,5.0,$$$$,1071.0,"[ [ 'Delightful, Delicious, Warm & Affordable', 'Simply Amazing' ], [ '01/04/2018', '12/24/2017' ] ]",/Restaurant_Review-g189541-d808246-Reviews-Restaurant_Krebsegaarden-Copenhagen_Zealand.html,d808246,1,77
1953,Sam sara dublino,Dublin,"[ 'Bar', 'Pub' ]",1961.0,1.0,,3.0,"[ [ 'DO NOT GO HERE!!', 'Discriminating' ], [ '11/21/2017', '04/29/2017' ] ]",/Restaurant_Review-g186605-d5283423-Reviews-Sam_sara_dublino-Dublin_County_Dublin.html,d5283423,172,1
606,The Cottage Inn Bluebell,Dublin,"[ 'Irish', 'Bar', 'European', 'Healthy', 'Vegetarian Friendly', 'Gluten Free Options' ]",607.0,5.0,,36.0,"[ [ 'What a great night!', 'Excellent food and warm atmosphere' ], [ '12/29/2017', '10/27/2017' ] ]",/Restaurant_Review-g186605-d8285894-Reviews-The_Cottage_Inn_Bluebell-Dublin_County_Dublin.html,d8285894,1,143
1916,The Cafe at Debenhams,Dublin,"[ 'Cafe', 'British' ]",1922.0,2.0,$,14.0,"[ [ 'Patisserie Valerie-a huge disappointment', 'disappointing' ], [ '10/02/2017', '09/01/2017' ] ]",/Restaurant_Review-g186605-d10300492-Reviews-The_Cafe_at_Debenhams-Dublin_County_Dublin.html,d10300492,334,1
208,Tang Cafe,Dublin,"[ 'Cafe', 'Healthy', 'Middle Eastern', 'Vegetarian Friendly', 'Vegan Options', 'Gluten Free Options' ]",209.0,5.0,$,53.0,"[ [ 'Quick bite', 'Great food, great people' ], [ '12/16/2017', '12/14/2017' ] ]",/Restaurant_Review-g186605-d10387074-Reviews-Tang_Cafe-Dublin_County_Dublin.html,d10387074,1,305
1754,Family Restaurant,Edinburgh,[ 'Cafe' ],1762.0,1.0,,,"[ [ 'Poor' ], [ '07/20/2016' ] ]",/Restaurant_Review-g186525-d4778073-Reviews-Family_Restaurant-Edinburgh_Scotland.html,d4778073,122,1
892,Soul Sushi,Edinburgh,"[ 'Japanese', 'Fast Food', 'Sushi', 'Asian', 'Vegetarian Friendly' ]",893.0,5.0,,19.0,"[ [ 'Best value sushi in Edinburgh', 'Fine home delivered sushi' ], [ '12/05/2017', '12/07/2016' ] ]",/Restaurant_Review-g186525-d6602065-Reviews-Soul_Sushi-Edinburgh_Scotland.html,d6602065,1,108
1745,Burger King - Fort Kinnaird,Edinburgh,[ 'Fast Food' ],1753.0,1.5,$,17.0,"[ [ 'Unbelievable', 'Drive thro service shocking' ], [ '10/21/2017', '10/12/2017' ] ]",/Restaurant_Review-g186525-d7994873-Reviews-Burger_King_Fort_Kinnaird-Edinburgh_Scotland.html,d7994873,384,1
180,Nutan's,Edinburgh,"[ 'Indian', 'Asian', 'Vegetarian Friendly', 'Vegan Options', 'Gluten Free Options' ]",181.0,5.0,$,129.0,"[ [ 'Wonderful!', 'Hands down the best Indian restaurant in E...' ], [ '01/11/2018', '01/08/2018' ] ]",/Restaurant_Review-g186525-d8083789-Reviews-Nutan_s-Edinburgh_Scotland.html,d8083789,1,320
1369,Nyaree Restaurant,Geneva,[ 'Thai' ],1376.0,2.5,$,14.0,"[ [ 'HORRIBLE!!! Terrible!!!', 'Good solution for eating in' ], [ '12/22/2017', '04/25/2016' ] ]",/Restaurant_Review-g188057-d6749625-Reviews-Nyaree_Restaurant-Geneva.html,d6749625,70,1
78,L'amazona,Geneva,"[ 'Latin', 'Venezuelan', 'South American', 'Central American', 'Vegetarian Friendly' ]",79.0,5.0,$,43.0,"[ [ 'Excellent cachapas !', 'Venezuelan food' ], [ '01/06/2018', '11/18/2017' ] ]",/Restaurant_Review-g188057-d10044569-Reviews-L_amazona-Geneva.html,d10044569,1,70
1391,Domino's Pizza,Geneva,[ 'Pizza' ],1398.0,2.0,$$ - $$$,12.0,"[ [ 'Fairly not as good as expected...' ], [ '05/25/2017' ] ]",/Restaurant_Review-g188057-d810437-Reviews-Domino_s_Pizza-Geneva.html,d810437,742,1
130,Kozan Restaurant Japonais,Geneva,"[ 'Japanese', 'Sushi' ]",131.0,5.0,$$ - $$$,19.0,"[ [ 'So goodddd', 'One of the best' ], [ '01/08/2018', '10/08/2017' ] ]",/Restaurant_Review-g188057-d12690056-Reviews-Kozan_Restaurant_Japonais-Geneva.html,d12690056,1,722
1226,GTR,Geneva,"[ 'Italian', 'French', 'Barbecue' ]",1232.0,3.0,$$$$,9.0,"[ [ 'Delicious' ], [ '10/20/2016' ] ]",/Restaurant_Review-g188057-d10820981-Reviews-GTR-Geneva.html,d10820981,111,1
11,Fiskebar,Geneva,"[ 'Seafood', 'Scandinavian', 'French', 'European', 'Vegetarian Friendly' ]",12.0,5.0,$$$$,54.0,"[ [ 'Wonderful dinner and experience', 'Extraordinary culinary execution' ], [ '12/23/2017', '12/09/2017' ] ]",/Restaurant_Review-g188057-d12907952-Reviews-Fiskebar-Geneva.html,d12907952,1,108
2705,Olita’s Treff,Hamburg,"[ 'Bar', 'Pub' ]",2713.0,1.0,,,"[ [  ], [  ] ]",/Restaurant_Review-g187331-d13274469-Reviews-Olita_s_Treff-Hamburg.html,d13274469,339,1
586,F*Burger,Hamburg,[ 'Barbecue' ],587.0,5.0,,8.0,"[ [ 'tasty burgers!', 'O M G !!!' ], [ '11/13/2017', '07/23/2017' ] ]",/Restaurant_Review-g187331-d12594044-Reviews-F_Burger-Hamburg.html,d12594044,1,291
2668,Le Buffet,Hamburg,[ 'International' ],2676.0,2.0,$,,"[ [  ], [  ] ]",/Restaurant_Review-g187331-d12932686-Reviews-Le_Buffet-Hamburg.html,d12932686,236,1
96,NOM vietnamesisches Restaurant,Hamburg,"[ 'Asian', 'Fusion', 'Vietnamese', 'Vegetarian Friendly', 'Vegan Options' ]",97.0,5.0,$,59.0,"[ [ 'Amazing Duck Curry!', 'Nom-ilicious, super food!' ], [ '01/08/2018', '11/28/2017' ] ]",/Restaurant_Review-g187331-d12732323-Reviews-NOM_vietnamesisches_Restaurant-Hamburg.html,d12732323,1,206
2579,Bei Teresa,Hamburg,"[ 'European', 'Central European', 'German' ]",2585.0,2.5,$$ - $$$,38.0,"[ [ 'A beer in the sun', 'Pratical' ], [ '10/23/2017', '09/27/2017' ] ]",/Restaurant_Review-g187331-d7251914-Reviews-Bei_Teresa-Hamburg.html,d7251914,847,1
0,Restaurant Hala,Hamburg,"[ 'Lebanese', 'Mediterranean', 'Middle Eastern', 'Vegetarian Friendly', 'Vegan Options', 'Halal', 'Gluten Free Options' ]",1.0,5.0,$$ - $$$,373.0,"[ [ 'Beautiful restaurant, excellent food & ser...', 'Absolutely fantastic' ], [ '12/29/2017', '12/24/2017' ] ]",/Restaurant_Review-g187331-d3929905-Reviews-Restaurant_Hala-Hamburg.html,d3929905,1,818
654,Neighbour Bistro,Helsinki,"[ 'Contemporary', 'Scandinavian', 'European' ]",655.0,3.5,$$$$,22.0,"[ [ 'Nice view, food ok', 'Good food and great view' ], [ '10/11/2017', '08/12/2017' ] ]",/Restaurant_Review-g189934-d12448314-Reviews-Neighbour_Bistro-Helsinki_Uusimaa.html,d12448314,44,1
0,Finnjavel,Helsinki,"[ 'European', 'Scandinavian', 'Vegetarian Friendly', 'Gluten Free Options' ]",1.0,4.5,$$$$,305.0,"[ [ 'Fantastic Taste of Finland', 'Modern Finnish Cuisine....super service' ], [ '01/06/2018', '01/02/2018' ] ]",/Restaurant_Review-g189934-d10179471-Reviews-Finnjavel-Helsinki_Uusimaa.html,d10179471,1,24
1238,Trattoria Amici,Krakow,[ 'Italian' ],1241.0,1.0,,,"[ [  ], [  ] ]",/Restaurant_Review-g274772-d13307726-Reviews-Trattoria_Amici-Krakow_Lesser_Poland_Province_Southern_Poland.html,d13307726,119,1
504,Wajos Die Genussmanufaktur,Krakow,"[ 'Italian', 'German', 'Greek' ]",505.0,5.0,,18.0,"[ [ 'What a place!!', 'Fabulous little place' ], [ '12/07/2016', '05/21/2016' ] ]",/Restaurant_Review-g274772-d10243648-Reviews-Wajos_Die_Genussmanufaktur-Krakow_Lesser_Poland_Province_Southern_Poland.html,d10243648,1,95
910,Avanti Ristorante,Krakow,[ 'Italian' ],911.0,3.5,$$$$,22.0,"[ [ 'Rubbish', 'Very good value' ], [ '03/06/2014', '06/16/2013' ] ]",/Restaurant_Review-g274772-d753344-Reviews-Avanti_Ristorante-Krakow_Lesser_Poland_Province_Southern_Poland.html,d753344,24,1
90,Bottiglieria 1881,Krakow,"[ 'European', 'Wine Bar', 'Central European', 'Vegetarian Friendly', 'Gluten Free Options' ]",91.0,5.0,$$$$,149.0,"[ [ 'Very special', 'Bday dinner' ], [ '01/07/2018', '12/31/2017' ] ]",/Restaurant_Review-g274772-d6027764-Reviews-Bottiglieria_1881-Krakow_Lesser_Poland_Province_Southern_Poland.html,d6027764,1,24
3691,Restaurante Arte Da Baixa,Lisbon,"[ 'European', 'Portuguese' ]",3696.0,1.0,,,"[ [  ], [  ] ]",/Restaurant_Review-g189158-d10541381-Reviews-Restaurante_Arte_Da_Baixa-Lisbon_Lisbon_District_Central_Portugal.html,d10541381,351,1
1328,RD's Restaurante e Cafe',Lisbon,[ 'Vegetarian Friendly' ],1329.0,5.0,,9.0,"[ [ 'A. M. A. Z. I. Ng', 'I love it!' ], [ '02/03/2018', '01/08/2018' ] ]",/Restaurant_Review-g189158-d12350495-Reviews-RD_s_Restaurante_e_Cafe-Lisbon_Lisbon_District_Central_Portugal.html,d12350495,1,294
3696,Cinque Terre Lounge,Lisbon,[ 'Italian' ],3701.0,1.0,$,,"[ [ 'A place to avoid at all costs!' ], [ '09/18/2017' ] ]",/Restaurant_Review-g189158-d12748770-Reviews-Cinque_Terre_Lounge-Lisbon_Lisbon_District_Central_Portugal.html,d12748770,702,1
0,Estamine Art Food Drink,Lisbon,"[ 'Bar', 'Pub', 'Healthy', 'Brazilian', 'Vegetarian Friendly', 'Vegan Options', 'Gluten Free Options' ]",1.0,5.0,$,327.0,"[ [ 'Fabulous food and people - book in advance...', 'Best mojitos in Lisbon!' ], [ '02/24/2018', '02/17/2018' ] ]",/Restaurant_Review-g189158-d8574693-Reviews-Estamine_Art_Food_Drink-Lisbon_Lisbon_District_Central_Portugal.html,d8574693,1,641
3687,Made in Correeiros,Lisbon,"[ 'European', 'Portuguese', 'Seafood' ]",3692.0,1.0,$$ - $$$,597.0,"[ [ 'Very bad restauration', 'Worst experience of my life!' ], [ '01/28/2018', '01/15/2018' ] ]",/Restaurant_Review-g189158-d12714847-Reviews-Made_in_Correeiros-Lisbon_Lisbon_District_Central_Portugal.html,d12714847,1532,1
2,La Buvette da Mae d'Agua,Lisbon,"[ 'French', 'Mediterranean', 'Healthy', 'Portuguese', 'European', 'Vegetarian Friendly', 'Vegan Options', 'Gluten Free Options' ]",3.0,5.0,$$ - $$$,177.0,"[ [ 'A little gem in Lisbon', 'Unexpected gastronomic experience' ], [ '02/24/2018', '02/21/2018' ] ]",/Restaurant_Review-g189158-d12351853-Reviews-La_Buvette_da_Mae_d_Agua-Lisbon_Lisbon_District_Central_Portugal.html,d12351853,1,1430
3690,Antao Santos e Martins,Lisbon,"[ 'European', 'Portuguese', 'Seafood' ]",3695.0,1.0,$$$$,25.0,"[ [ 'Useless and a rip-off!', 'Thieving toads' ], [ '02/14/2018', '02/14/2018' ] ]",/Restaurant_Review-g189158-d12285117-Reviews-Antao_Santos_e_Martins-Lisbon_Lisbon_District_Central_Portugal.html,d12285117,98,1
386,Restaurante Porter,Lisbon,"[ 'Bar', 'Cafe', 'European', 'Contemporary', 'Pub', 'Portuguese', 'Vegetarian Friendly' ]",387.0,5.0,$$$$,37.0,"[ [ 'Beautiful place.', 'Lovely birthday celebration' ], [ '02/14/2018', '02/07/2018' ] ]",/Restaurant_Review-g189158-d12998195-Reviews-Restaurante_Porter-Lisbon_Lisbon_District_Central_Portugal.html,d12998195,1,96
464,Sempre,Ljubljana,"[ 'Italian', 'Steakhouse' ]",465.0,2.0,,2.0,"[ [ 'Lack of flavor, slow service', 'If you want to eat a great pizza in Ljublj...' ], [ '07/03/2014', '02/02/2012' ] ]",/Restaurant_Review-g274873-d2463886-Reviews-Sempre-Ljubljana_Upper_Carniola_Region.html,d2463886,52,1
167,Kult316,Ljubljana,"[ 'European', 'Contemporary', 'Diner', 'Wine Bar', 'Soups', 'Slovenian' ]",168.0,5.0,,8.0,"[ [ 'A very pleasant restaurant', 'Restaurant week' ], [ '01/07/2018', '12/30/2017' ] ]",/Restaurant_Review-g274873-d10275907-Reviews-Kult316-Ljubljana_Upper_Carniola_Region.html,d10275907,1,39
456,HALO PINKI d.o.o.,Ljubljana,"[ 'Mexican', 'Pizza', 'Grill' ]",457.0,2.5,$,4.0,"[ [ 'Longest food delivery - EVER!', 'Home delivery' ], [ '11/24/2017', '08/06/2017' ] ]",/Restaurant_Review-g274873-d6459339-Reviews-HALO_PINKI_d_o_o-Ljubljana_Upper_Carniola_Region.html,d6459339,83,1
13,Fari's Delice,Ljubljana,"[ 'Fast Food', 'Middle Eastern', 'Persian', 'Vegetarian Friendly', 'Vegan Options', 'Halal', 'Gluten Free Options' ]",14.0,5.0,$,147.0,"[ [ 'Perfect for the love-birds!', 'The chicken file left me speechless' ], [ '01/02/2018', '12/11/2017' ] ]",/Restaurant_Review-g274873-d8763649-Reviews-Fari_s_Delice-Ljubljana_Upper_Carniola_Region.html,d8763649,1,76
461,Spica Caffe,Ljubljana,[ 'Cafe' ],462.0,2.0,$$ - $$$,21.0,"[ [ 'Fantastic location, bad and slow service', 'Early evening drink - perfect in summer' ], [ '05/20/2017', '11/24/2017' ] ]",/Restaurant_Review-g274873-d8489734-Reviews-Spica_Caffe-Ljubljana_Upper_Carniola_Region.html,d8489734,208,1
30,Vineria Del Ponte,Ljubljana,"[ 'Wine Bar', 'Slovenian' ]",31.0,5.0,$$ - $$$,81.0,"[ [ 'Great wine shop', 'Wonderful introduction to local wines and...' ], [ '01/08/2018', '12/11/2017' ] ]",/Restaurant_Review-g274873-d7992612-Reviews-Vineria_Del_Ponte-Ljubljana_Upper_Carniola_Region.html,d7992612,1,200
455,Biljardnica Kaval,Ljubljana,"[ 'Italian', 'Pizza' ]",456.0,2.5,$$$$,2.0,"[ [ 'GOOD FOOD, TERRIBLE SERVICE', 'Great Homemade Ravioli' ], [ '10/12/2017', '08/27/2017' ] ]",/Restaurant_Review-g274873-d12442814-Reviews-Biljardnica_Kaval-Ljubljana_Upper_Carniola_Region.html,d12442814,16,1
260,Wine boutique DEKANTER,Ljubljana,"[ 'European', 'Slovenian', 'Wine Bar' ]",261.0,5.0,$$$$,2.0,"[ [ 'Quirky wine shop with amazing Slovenian wi...' ], [ '07/11/2016' ] ]",/Restaurant_Review-g274873-d8624973-Reviews-Wine_boutique_DEKANTER-Ljubljana_Upper_Carniola_Region.html,d8624973,1,15
2538,CookDaily,London,"[ 'Street Food', 'Asian', 'Vegeta",,,,,,,,4,1
2358,Yum Sa,London,"[ 'Asian', 'Thai', 'Grill', 'Contemporary', 'Street Food' ]",2363.0,5.0,,21.0,"[ [ 'Very impressed', 'So lucky to have this on our door step!' ], [ '01/08/2018', '01/07/2018' ] ]",/Restaurant_Review-g186338-d13006784-Reviews-Yum_Sa-London_England.html,d13006784,1,4
403,Misato Japanese,London,"[ 'Japanese', 'Sushi', 'Asian', 'Vegetarian Friendly', 'Vegan Options', 'Gluten Free Options' ]",404.0,4.0,$,748.0,"[ [ 'So good! Cash only, it’s affordable', 'Great food for the price' ], [ '12/18/2017', '12/17/2017' ] ]",/Restaurant_Review-g186338-d680325-Reviews-Misato_Japanese-London_England.html,d680325,184,1
9,Pizza Union Aldgate,London,"[ 'Italian', 'Pizza', 'Fast Food', 'Vegetarian Friendly', 'Vegan Options', 'Gluten Free Options' ]",10.0,5.0,$,369.0,"[ [ 'Fast and tasty', 'Great pizza' ], [ '01/07/2018', '01/04/2018' ] ]",/Restaurant_Review-g186338-d12379859-Reviews-Pizza_Union_Aldgate-London_England.html,d12379859,1,236
839,Prezzo - Northumberland Avenue,London,"[ 'Italian', 'Pizza', 'Vegetarian Friendly', 'Vegan Options', 'Gluten Free Options' ]",840.0,3.5,$$ - $$$,755.0,"[ [ 'Meal out!', 'Dinner' ], [ '01/07/2018', '01/04/2018' ] ]",/Restaurant_Review-g186338-d2006403-Reviews-Prezzo_Northumberland_Avenue-London_England.html,d2006403,1821,1
0,R & H cafe gallery,London,"[ 'Cafe', 'Middle Eastern', 'Persian', 'Vegetarian Friendly', 'Vegan Options', 'Gluten Free Options' ]",1.0,5.0,$$ - $$$,146.0,"[ [ 'Amazing cakes', 'Breakfatst' ], [ '01/08/2018', '01/03/2018' ] ]",/Restaurant_Review-g186338-d10517849-Reviews-R_H_cafe_gallery-London_England.html,d10517849,1,1799
