_c0,Name,City,Cuisine Style,Ranking,Rating,Price Range,Number of Reviews,Reviews,URL_TA,ID_TA,rank_desc,rank_asc
2932,Grillroom Sabba,Amsterdam,[ 'Middle Eastern' ],2942.0,2.5,$,12.0,"[ [ 'This is a great place for Shoarma', 'Amsterdam Shawarma Classic since 30 years' ], [ '11/02/2017', '05/23/2017' ] ]",/Restaurant_Review-g188590-d6464568-Reviews-Grillroom_Sabba-Amsterdam_North_Holland_Province.html,d6464568,489,1
163,Sir Hummus,Amsterdam,"[ 'Healthy', 'Middle Eastern', 'Vegetarian Friendly', 'Vegan Options', 'Gluten Free Options' ]",164.0,5.0,$,126.0,"[ [ 'Great service, great food!', 'Amazing Hummus!' ], [ '11/24/2017', '11/19/2017' ] ]",/Restaurant_Review-g188590-d7607446-Reviews-Sir_Hummus-Amsterdam_North_Holland_Province.html,d7607446,1,429
3239,Reggae Rita's,Amsterdam,"[ 'Caribbean', 'Jamaican' ]",,-1.0,$$ - $$$,,"[ [ 'A TRUE BLESSING FOR YOUR STOMACH' ], [ '01/10/2018' ] ]",/Restaurant_Review-g188590-d12291891-Reviews-Reggae_Rita_s-Amsterdam_North_Holland_Province.html,d12291891,1789,1
0,Martine of Martine's Table,Amsterdam,"[ 'French', 'Dutch', 'European' ]",1.0,5.0,$$ - $$$,136.0,"[ [ 'Just like home', 'A Warm Welcome to Wintry Amsterdam' ], [ '01/03/2018', '01/01/2018' ] ]",/Restaurant_Review-g188590-d11752080-Reviews-Martine_of_Martine_s_Table-Amsterdam_North_Holland_Province.html,d11752080,1,1682
1747,Crepa-Crepa,Athens,[ 'Mediterranean' ],1749.0,2.5,$,2.0,"[ [ 'Order-in thumbs down' ], [ '10/08/2017' ] ]",/Restaurant_Review-g189400-d12118518-Reviews-Crepa_Crepa-Athens_Attica.html,d12118518,406,1
1,Cinque Wine & Deli Bar,Athens,"[ 'Wine Bar', 'Greek', 'Delicatessen', 'Gluten Free Options' ]",2.0,5.0,$,1013.0,"[ [ 'One of the best restaurants we ever visite...', 'A truly delightful evening' ], [ '01/09/2018', '01/08/2018' ] ]",/Restaurant_Review-g189400-d9462540-Reviews-Cinque_Wine_Deli_Bar-Athens_Attica.html,d9462540,1,326
7783,La Petite Champagnerie,Barcelona,"[ 'International', 'Spanish' ]",,-1.0,$,,"[ [  ], [  ] ]",/Restaurant_Review-g187497-d13173275-Reviews-La_Petite_Champagnerie-Barcelona_Catalonia.html,d13173275,1321,1
186,Comida De Olla,Barcelona,"[ 'Mediterranean', 'European', 'Spanish', 'Vegetarian Friendly', 'Vegan Options' ]",187.0,5.0,$,88.0,"[ [ 'Must try', 'POLECAM !!!✌' ], [ '01/06/2018', '11/20/2017' ] ]",/Restaurant_Review-g187497-d10325973-Reviews-Comida_De_Olla-Barcelona_Catalonia.html,d10325973,1,1166
7784,Les Dues Sicilies Rec Comtal,Barcelona,[ 'Italian' ],,-1.0,$$ - $$$,,"[ [  ], [  ] ]",/Restaurant_Review-g187497-d13199631-Reviews-Les_Dues_Sicilies_Rec_Comtal-Barcelona_Catalonia.html,d13199631,3408,1
1,Viana,Barcelona,"[ 'International', 'Mediterranean', 'Spanish', 'Vegetarian Friendly', 'Vegan Options', 'Gluten Free Options' ]",2.0,5.0,$$ - $$$,2707.0,"[ [ 'Wow! Best ever!', 'Small menu-- GET A RESERVATION' ], [ '01/06/2018', '01/03/2018' ] ]",/Restaurant_Review-g187497-d8531409-Reviews-Viana-Barcelona_Catalonia.html,d8531409,1,3187
7773,White Shisha Lounge,Barcelona,[ 'Delicatessen' ],7787.0,1.0,$$$$,,"[ [ 'Tourist extortion avoid' ], [ '11/26/2017' ] ]",/Restaurant_Review-g187497-d12457377-Reviews-White_Shisha_Lounge-Barcelona_Catalonia.html,d12457377,245,1
0,Uma,Barcelona,"[ 'International', 'Mediterranean', 'Fusion', 'European', 'Spanish' ]",1.0,5.0,$$$$,792.0,"[ [ 'Perfect atmosphere and location', 'Perfection' ], [ '01/08/2018', '01/05/2018' ] ]",/Restaurant_Review-g187497-d8003030-Reviews-Uma-Barcelona_Catalonia.html,d8003030,1,218
608,borchardt,Berlin,"[ 'French', 'German', 'Austrian', 'European', 'Central European', 'Vegetarian Friendly' ]",609.0,3.5,$$$$,1399.0,"[ [ 'Very good schnitzel', 'Dinner' ], [ '01/03/2018', '12/30/2017' ] ]",/Restaurant_Review-g187323-d692568-Reviews-Borchardt-Berlin.html,d692568,119,1
255,Tulus Lotrek,Berlin,[ 'Vegetarian Friendly' ],256.0,5.0,$$$$,55.0,"[ [ 'Wow! What an experience!', 'Find your happiness here!' ], [ '11/28/2017', '10/17/2017' ] ]",/Restaurant_Review-g187323-d8829808-Reviews-Tulus_Lotrek-Berlin.html,d8829808,1,111
878,Cantina SLSP,Bratislava,[ 'Mexican' ],879.0,1.0,,,"[ [ 'Awful :-(' ], [ '09/23/2016' ] ]",/Restaurant_Review-g274924-d4770177-Reviews-Cantina_SLSP-Bratislava_Bratislava_Region.html,d4770177,123,1
145,Nata Lisboa,Bratislava,"[ 'Mediterranean', 'European', 'Delicatessen', 'Portuguese' ]",146.0,5.0,,7.0,"[ [ 'Great surprise', 'A taste of Portugal in Bratislava!' ], [ '02/24/2018', '02/20/2018' ] ]",/Restaurant_Review-g274924-d13289199-Reviews-Nata_Lisboa-Bratislava_Bratislava_Region.html,d13289199,1,99
884,Crepes Kiss Palacinky,Bratislava,[ 'French' ],886.0,1.0,$,,"[ [  ], [  ] ]",/Restaurant_Review-g274924-d8660552-Reviews-Crepes_Kiss_Palacinky-Bratislava_Bratislava_Region.html,d8660552,95,1
32,Drak&Finch,Bratislava,"[ 'International', 'European', 'Cafe', 'Central European', 'Vegetarian Friendly' ]",33.0,5.0,$,36.0,"[ [ 'Brunch', 'Good Brunch in Drak&Finch' ], [ '02/10/2018', '02/10/2018' ] ]",/Restaurant_Review-g274924-d12287295-Reviews-Drak_Finch-Bratislava_Bratislava_Region.html,d12287295,1,69
3009,Belga & Co,Brussels,[ 'European' ],,-1.0,$$ - $$$,,"[ [  ], [  ] ]",/Restaurant_Review-g188644-d13531979-Reviews-Belga_Co-Brussels.html,d13531979,1490,1
127,Chez Bobonne,Brussels,"[ 'Belgian', 'Brew Pub', 'Bar', 'European', 'Pub', 'Healthy', 'Vegetarian Friendly' ]",128.0,5.0,$$ - $$$,30.0,"[ [ 'Great food and original beers', 'Great place!' ], [ '02/09/2018', '02/07/2018' ] ]",/Restaurant_Review-g188644-d12428263-Reviews-Chez_Bobonne-Brussels.html,d12428263,1,1448
3000,la homarderie,Brussels,"[ 'Belgian', 'European' ]",2999.0,1.0,$$$$,2.0,"[ [  ], [  ] ]",/Restaurant_Review-g188644-d1117565-Reviews-La_homarderie-Brussels.html,d1117565,115,1
0,Le Rabassier,Brussels,"[ 'Belgian', 'European', 'French', 'Vegetarian Friendly', 'Gluten Free Options' ]",1.0,5.0,$$$$,525.0,"[ [ 'Birthday treated that was worth the trip!', 'A night to remember!' ], [ '02/23/2018', '02/18/2018' ] ]",/Restaurant_Review-g188644-d6732421-Reviews-Le_Rabassier-Brussels.html,d6732421,1,114
2425,Tocsni Kifozde,Budapest,"[ 'European', 'Hungarian' ]",2427.0,1.0,,,"[ [  ], [  ] ]",/Restaurant_Review-g274887-d7351167-Reviews-Tocsni_Kifozde-Budapest_Central_Hungary.html,d7351167,283,1
650,Chupito Bar - Shots & More,Budapest,"[ 'Bar', 'Pub' ]",651.0,5.0,,18.0,"[ [ 'lovely staff and yummy shots', 'Shot bar' ], [ '12/03/2017', '08/12/2017' ] ]",/Restaurant_Review-g274887-d7754069-Reviews-Chupito_Bar_Shots_More-Budapest_Central_Hungary.html,d7754069,1,220
2429,Club9 Restaurant and Drink Bar,Budapest,"[ 'American', 'International', 'European', 'Hungarian' ]",2434.0,1.0,$,,"[ [  ], [  ] ]",/Restaurant_Review-g274887-d10733899-Reviews-Club9_Restaurant_and_Drink_Bar-Budapest_Central_Hungary.html,d10733899,505,1
1,Bors GasztroBar,Budapest,"[ 'Fast Food', 'International', 'European', 'Street Food', 'Soups', 'Hungarian', 'Vegetarian Friendly', 'Vegan Options', 'Gluten Free Options' ]",2.0,5.0,$,2373.0,"[ [ 'The best of soup & sandwich', 'DO YOURSELF A SOLID, eat here.' ], [ '01/07/2018', '01/06/2018' ] ]",/Restaurant_Review-g274887-d3700225-Reviews-Bors_GasztroBar-Budapest_Central_Hungary.html,d3700225,1,428
2423,Anzo Menza,Budapest,"[ 'European', 'Hungarian' ]",2424.0,1.0,$$ - $$$,,"[ [  ], [  ] ]",/Restaurant_Review-g274887-d8819098-Reviews-Anzo_Menza-Budapest_Central_Hungary.html,d8819098,1030,1
0,Comme Chez Soi,Budapest,"[ 'Italian', 'Mediterranean', 'European', 'Hungarian', 'Vegetarian Friendly', 'Gluten Free Options' ]",1.0,5.0,$$ - $$$,4437.0,"[ [ 'Great place!', 'Best best best' ], [ '01/07/2018', '01/05/2018' ] ]",/Restaurant_Review-g274887-d794237-Reviews-Comme_Chez_Soi-Budapest_Central_Hungary.html,d794237,1,966
2102,Landbageriet,Copenhagen,"[ 'Cafe', 'European', 'Healthy', 'Danish' ]",,,,,"[ [ 'Fantastic gluten-free bakery' ], [ '01/10/2018' ] ]",/Restaurant_Review-g189541-d13347161-Reviews-Landbageriet-Copenhagen_Zealand.html,d13347161,191,1
528,Street Sushi,Copenhagen,[ 'Sushi' ],529.0,5.0,,11.0,"[ [ 'Mixd tapa', 'Excellent freshly made sushi' ], [ '12/12/2017', '11/26/2017' ] ]",/Restaurant_Review-g189541-d12125683-Reviews-Street_Sushi-Copenhagen_Zealand.html,d12125683,1,154
1946,Dan Dan Restaurant,Copenhagen,"[ 'Chinese', 'Asian', 'Japanese', 'Sushi' ]",1951.0,1.5,$,26.0,"[ [ 'Health hazard!', 'Just nope' ], [ '12/11/2015', '11/23/2015' ] ]",/Restaurant_Review-g189541-d6825591-Reviews-Dan_Dan_Restaurant-Copenhagen_Zealand.html,d6825591,239,1
2,Grams Laekkerier (closed to 8. jan.),Copenhagen,"[ 'Cafe', 'Fast Food', 'European', 'Soups', 'Danish', 'Vegetarian Friendly', 'Vegan Options', 'Gluten Free Options' ]",3.0,5.0,$,550.0,"[ [ 'Very friendly and excellent sandwiches!', 'Highly recommended' ], [ '01/02/2018', '12/18/2017' ] ]",/Restaurant_Review-g189541-d1145867-Reviews-Grams_Laekkerier_closed_to_8_jan-Copenhagen_Zealand.html,d1145867,1,213
1951,Cusack's Restaurant,Dublin,[ 'Contemporary' ],1959.0,1.0,$$ - $$$,,"[ [ 'Horrendous' ], [ '04/13/2008' ] ]",/Restaurant_Review-g186605-d1314212-Reviews-Cusack_s_Restaurant-Dublin_County_Dublin.html,d1314212,1032,1
97,Urbanity Coffee,Dublin,"[ 'Irish', 'Cafe', 'European', 'Healthy', 'Vegetarian Friendly', 'Vegan Options', 'Gluten Free Options' ]",98.0,5.0,$$ - $$$,112.0,"[ [ 'Excellent upmarket breakfast with many veg...', 'Lovely lattes' ], [ '01/09/2018', '01/07/2018' ] ]",/Restaurant_Review-g186605-d9976712-Reviews-Urbanity_Coffee-Dublin_County_Dublin.html,d9976712,1,1007
1417,The Garden Room,Dublin,"[ 'Irish', 'European' ]",1421.0,3.5,$$$$,12.0,"[ [ 'Disappointed', 'Lovely setting but...other elements not qu...' ], [ '12/16/2017', '12/10/2017' ] ]",/Restaurant_Review-g186605-d12874493-Reviews-The_Garden_Room-Dublin_County_Dublin.html,d12874493,40,1
229,Heron & Grey,Dublin,"[ 'Irish', 'European', 'Vegetarian Friendly', 'Gluten Free Options' ]",230.0,5.0,$$$$,73.0,"[ [ 'Best meal of my life', 'Outstanding experience' ], [ '11/23/2017', '11/15/2017' ] ]",/Restaurant_Review-g186605-d9856233-Reviews-Heron_Grey-Dublin_County_Dublin.html,d9856233,1,37
1756,The Pizza King,Edinburgh,"[ 'American', 'Italian', 'Pizza' ]",1764.0,1.0,$$ - $$$,,"[ [ 'Oh dear.' ], [ '12/04/2015' ] ]",/Restaurant_Review-g186525-d5816356-Reviews-The_Pizza_King-Edinburgh_Scotland.html,d5816356,927,1
1,Forage & Chatter,Edinburgh,"[ 'European', 'British', 'Scottish', 'Vegetarian Friendly', 'Vegan Options', 'Gluten Free Options' ]",2.0,5.0,$$ - $$$,772.0,"[ [ 'The pesto offered with the fresh dough bal...', 'Fabulous meal' ], [ '01/11/2018', '01/10/2018' ] ]",/Restaurant_Review-g186525-d11722138-Reviews-Forage_Chatter-Edinburgh_Scotland.html,d11722138,1,887
1478,Barburrito,Edinburgh,[ 'Mexican' ],1481.0,3.5,$$$$,14.0,"[ [ 'Evening quick snack supper', 'Mediocre at Best' ], [ '08/17/2017', '07/26/2017' ] ]",/Restaurant_Review-g186525-d11978531-Reviews-Barburrito-Edinburgh_Scotland.html,d11978531,42,1
0,The Table,Edinburgh,"[ 'European', 'British', 'Scottish' ]",1.0,5.0,$$$$,263.0,"[ [ 'Unforgettable', 'GROUP DINING EXPERIENCE DIFFICULT TO BEAT' ], [ '01/10/2018', '01/09/2018' ] ]",/Restaurant_Review-g186525-d8479434-Reviews-The_Table-Edinburgh_Scotland.html,d8479434,1,36
1408,Taqueria Los Cunados,Geneva,[ 'Mexican' ],,-1.0,,,"[ [  ], [  ] ]",/Restaurant_Review-g188057-d13344818-Reviews-Taqueria_Los_Cunados-Geneva.html,d13344818,171,1
473,Sunny Kong,Geneva,[ 'Chinese' ],476.0,5.0,,6.0,"[ [ 'Best Chinese resto', 'Best Chinese restaurant in Geneva per Chin...' ], [ '10/07/2017', '10/07/2017' ] ]",/Restaurant_Review-g188057-d12570000-Reviews-Sunny_Kong-Geneva.html,d12570000,1,140
2177,Anna Sgroi,Hamburg,"[ 'Italian', 'Vegetarian Friendly' ]",2181.0,3.0,$$$$,123.0,"[ [ 'Delicious ravioli but fish was well and tr...', 'Decent but flawed' ], [ '12/30/2017', '11/14/2017' ] ]",/Restaurant_Review-g187331-d4115001-Reviews-Anna_Sgroi-Hamburg.html,d4115001,82,1
12,The Table Kevin Fehling,Hamburg,"[ 'European', 'Vegetarian Friendly' ]",13.0,5.0,$$$$,120.0,"[ [ 'Elaborate dishes, a plethora of tastes', '(Almost) perfect' ], [ '10/29/2017', '10/09/2017' ] ]",/Restaurant_Review-g187331-d8561371-Reviews-The_Table_Kevin_Fehling-Hamburg.html,d8561371,1,79
1138,Coccola,Helsinki,[ 'Italian' ],1139.0,1.0,,2.0,"[ [ 'Catastrophic service' ], [ '06/07/2014' ] ]",/Restaurant_Review-g189934-d6713879-Reviews-Coccola-Helsinki_Uusimaa.html,d6713879,137,1
248,Ora,Helsinki,"[ 'European', 'Scandinavian' ]",249.0,5.0,,9.0,"[ [ 'Great food & service!', 'Symphony' ], [ '12/15/2017', '12/10/2017' ] ]",/Restaurant_Review-g189934-d12982294-Reviews-Ora-Helsinki_Uusimaa.html,d12982294,1,124
1093,Bistro Piratti,Helsinki,"[ 'Bar', 'Pub' ]",1094.0,2.0,$,3.0,"[ [ 'Popular in 80s', 'Old and dirty - with lousy service' ], [ '12/05/2014', '07/20/2014' ] ]",/Restaurant_Review-g189934-d878261-Reviews-Bistro_Piratti-Helsinki_Uusimaa.html,d878261,125,1
152,Cafe' Rouge,Helsinki,"[ 'Cafe', 'Middle Eastern', 'European', 'Vegetarian Friendly', 'Vegan Options' ]",153.0,5.0,$,32.0,"[ [ 'Really excellent lunch', 'Fantastic food, fantastic service, fantast...' ], [ '11/09/2017', '09/08/2017' ] ]",/Restaurant_Review-g189934-d6028615-Reviews-Cafe_Rouge-Helsinki_Uusimaa.html,d6028615,1,114
1127,Spasso,Helsinki,"[ 'Italian', 'Pizza' ]",1128.0,2.0,$$ - $$$,5.0,"[ [  ], [  ] ]",/Restaurant_Review-g189934-d12321557-Reviews-Spasso-Helsinki_Uusimaa.html,d12321557,563,1
53,Sushi Wagocoro,Helsinki,"[ 'Japanese', 'Sushi', 'Asian', 'Vegetarian Friendly', 'Vegan Options', 'Gluten Free Options' ]",54.0,5.0,$$ - $$$,84.0,"[ [ 'Amazingly delicious sushi', 'Astonishingly good sushi' ], [ '11/10/2017', '10/30/2017' ] ]",/Restaurant_Review-g189934-d4707794-Reviews-Sushi_Wagocoro-Helsinki_Uusimaa.html,d4707794,1,553
1242,Alberto Pizza,Krakow,[ 'Italian' ],,-1.0,$,,"[ [  ], [  ] ]",/Restaurant_Review-g274772-d12374737-Reviews-Alberto_Pizza-Krakow_Lesser_Poland_Province_Southern_Poland.html,d12374737,317,1
84,M22 Beef'N'Chips,Krakow,"[ 'American', 'Bar', 'Fast Food' ]",85.0,5.0,$,114.0,"[ [ 'Best burgers in Kraków', 'Krakow best burger joint' ], [ '11/30/2017', '10/20/2017' ] ]",/Restaurant_Review-g274772-d7309089-Reviews-M22_Beef_N_Chips-Krakow_Lesser_Poland_Province_Southern_Poland.html,d7309089,1,254
1231,Pizza Hut,Krakow,[ 'Pizza' ],1232.0,2.0,$$ - $$$,71.0,"[ [ 'Worst service ever', 'Watch out for the conning waitress!' ], [ '09/07/2017', '02/12/2017' ] ]",/Restaurant_Review-g274772-d8177858-Reviews-Pizza_Hut-Krakow_Lesser_Poland_Province_Southern_Poland.html,d8177858,478,1
0,Gossip Cafe,Krakow,"[ 'Polish', 'Cafe', 'European', 'Vegetarian Friendly', 'Vegan Options', 'Gluten Free Options' ]",1.0,5.0,$$ - $$$,171.0,"[ [ 'Delicious breakfast', 'Very good' ], [ '01/08/2018', '01/03/2018' ] ]",/Restaurant_Review-g274772-d10086671-Reviews-Gossip_Cafe-Krakow_Lesser_Poland_Province_Southern_Poland.html,d10086671,1,461
1137,Mango Tree,London,"[ 'Asian', 'Thai', 'Vegetarian Friendly', 'Vegan Options', 'Gluten Free Options' ]",1139.0,3.5,$$$$,1303.0,"[ [ 'Lovely food and beautiful cocktails', 'Good but overpriced' ], [ '01/03/2018', '12/25/2017' ] ]",/Restaurant_Review-g186338-d719987-Reviews-Mango_Tree-London_England.html,d719987,315,1
1,Osteria Romana,London,"[ 'Italian', 'Mediterranean', 'Vegetarian Friendly' ]",2.0,5.0,$$$$,112.0,"[ [ 'Small restaurant with the touch of Italian...', 'One of the best' ], [ '01/07/2018', '01/07/2018' ] ]",/Restaurant_Review-g186338-d13149344-Reviews-Osteria_Romana-London_England.html,d13149344,1,306
